"./test_write.sh ""java -jar cli.jar create-multiple 500 10"" 20",,,,,,,,,,,,,,,,,,,,,,,,,,
Will be using the record layer library,,,,,,2898,2898,2915,2916,2953,2967,2986,2990,2997,2998,3000,3001,3017,3018,3027,3037,3038,3066,3069,3101,3109
Generated 500 tickets 10 times!,,,,,,2915,,,,,,,,,,,,,,,,,,,,
Created 500 tickets 10 times!,,,,,,2916,,,,,,,,,,,,,,,,,,,,
Command 'create-multiple' runtime:,,,,,,2953,,,,,,,,,,,,,,,,,,,,
Generation Time (ms): 31,,,,,,2967,,,,,,,,,,,,,,,,,,,,
Execution Time (ms): 3069,,,,3069,,2986,,,,,,,,,,,,,,,,,,,,
Will be using the record layer library,,,,,,2990,,,,,,,,,,,,,,,,,,,,
Generated 500 tickets 10 times!,,,,,,2997,,,,,,,,,,,,,,,,,,,,
Created 500 tickets 10 times!,,,,,,2998,,,,,,,,,,,,,,,,,,,,
Command 'create-multiple' runtime:,,,,,,3000,,,,,,,,,,,,,,,,,,,,
Generation Time (ms): 32,,,,,,3001,,,,,,,,,,,,,,,,,,,,
Execution Time (ms): 3018,,,,3018,,3017,,,,,,,,,,,,,,,,,,,,
Will be using the record layer library,,,,,,3018,,,,,,,,,,,,,,,,,,,,
Generated 500 tickets 10 times!,,,,,,3027,,,,,,,,,,,,,,,,,,,,
Created 500 tickets 10 times!,,,,,,3037,,,,,,,,,,,,,,,,,,,,
Command 'create-multiple' runtime:,,,,,,3038,,,,,,,,,,,,,,,,,,,,
Generation Time (ms): 32,,,,,,3066,,,,,,,,,,,,,,,,,,,,
Execution Time (ms): 3017,,,,3017,,3069,,,,,,,,,,,,,,,,,,,,
Will be using the record layer library,,,,,,3101,,,,,,,,,,,,,,,,,,,,
Generated 500 tickets 10 times!,,,,,,3109,,,,,,,,,,,,,,,,,,,,
Created 500 tickets 10 times!,,,,,,,,,,,,,,,,,,,,,,,,,,
Command 'create-multiple' runtime:,,,,,,,,,,,,,,,,,,,,,,,,,,
Generation Time (ms): 31,,,,,,,,,,,,,,,,,,,,,,,,,,
Execution Time (ms): 3101,,,,3101,,,,,,,,,,,,,,,,,,,,,,
Will be using the record layer library,,,,,,,,,,,,,,,,,,,,,,,,,,
Generated 500 tickets 10 times!,,,,,,,,,,,,,,,,,,,,,,,,,,
Created 500 tickets 10 times!,,,,,,,,,,,,,,,,,,,,,,,,,,
Command 'create-multiple' runtime:,,,,,,,,,,,,,,,,,,,,,,,,,,
Generation Time (ms): 32,,,,,,,,,,,,,,,,,,,,,,,,,,
Execution Time (ms): 3038,,,,3038,,,,,,,,,,,,,,,,,,,,,,
Will be using the record layer library,,,,,,,,,,,,,,,,,,,,,,,,,,
Generated 500 tickets 10 times!,,,,,,,,,,,,,,,,,,,,,,,,,,
Created 500 tickets 10 times!,,,,,,,,,,,,,,,,,,,,,,,,,,
Command 'create-multiple' runtime:,,,,,,,,,,,,,,,,,,,,,,,,,,
Generation Time (ms): 32,,,,,,,,,,,,,,,,,,,,,,,,,,
Execution Time (ms): 2990,,,,2990,,,,,,,,,,,,,,,,,,,,,,
Will be using the record layer library,,,,,,,,,,,,,,,,,,,,,,,,,,
Generated 500 tickets 10 times!,,,,,,,,,,,,,,,,,,,,,,,,,,
Created 500 tickets 10 times!,,,,,,,,,,,,,,,,,,,,,,,,,,
Command 'create-multiple' runtime:,,,,,,,,,,,,,,,,,,,,,,,,,,
Generation Time (ms): 32,,,,,,,,,,,,,,,,,,,,,,,,,,
Execution Time (ms): 3037,,,,3037,,,,,,,,,,,,,,,,,,,,,,
Will be using the record layer library,,,,,,,,,,,,,,,,,,,,,,,,,,
Generated 500 tickets 10 times!,,,,,,,,,,,,,,,,,,,,,,,,,,
Created 500 tickets 10 times!,,,,,,,,,,,,,,,,,,,,,,,,,,
Command 'create-multiple' runtime:,,,,,,,,,,,,,,,,,,,,,,,,,,
Generation Time (ms): 32,,,,,,,,,,,,,,,,,,,,,,,,,,
Execution Time (ms): 3000,,,,3000,,,,,,,,,,,,,,,,,,,,,,
Will be using the record layer library,,,,,,,,,,,,,,,,,,,,,,,,,,
Generated 500 tickets 10 times!,,,,,,,,,,,,,,,,,,,,,,,,,,
Created 500 tickets 10 times!,,,,,,,,,,,,,,,,,,,,,,,,,,
Command 'create-multiple' runtime:,,,,,,,,,,,,,,,,,,,,,,,,,,
Generation Time (ms): 29,,,,,,,,,,,,,,,,,,,,,,,,,,
Execution Time (ms): 2986,,,,2986,,,,,,,,,,,,,,,,,,,,,,
Will be using the record layer library,,,,,,,,,,,,,,,,,,,,,,,,,,
Generated 500 tickets 10 times!,,,,,,,,,,,,,,,,,,,,,,,,,,
Created 500 tickets 10 times!,,,,,,,,,,,,,,,,,,,,,,,,,,
Command 'create-multiple' runtime:,,,,,,,,,,,,,,,,,,,,,,,,,,
Generation Time (ms): 32,,,,,,,,,,,,,,,,,,,,,,,,,,
Execution Time (ms): 2898,,,,2898,,,,,,,,,,,,,,,,,,,,,,
Will be using the record layer library,,,,,,,,,,,,,,,,,,,,,,,,,,
Generated 500 tickets 10 times!,,,,,,,,,,,,,,,,,,,,,,,,,,
Created 500 tickets 10 times!,,,,,,,,,,,,,,,,,,,,,,,,,,
Command 'create-multiple' runtime:,,,,,,,,,,,,,,,,,,,,,,,,,,
Generation Time (ms): 32,,,,,,,,,,,,,,,,,,,,,,,,,,
Execution Time (ms): 2916,,,,2916,,,,,,,,,,,,,,,,,,,,,,
Will be using the record layer library,,,,,,,,,,,,,,,,,,,,,,,,,,
Generated 500 tickets 10 times!,,,,,,,,,,,,,,,,,,,,,,,,,,
Created 500 tickets 10 times!,,,,,,,,,,,,,,,,,,,,,,,,,,
Command 'create-multiple' runtime:,,,,,,,,,,,,,,,,,,,,,,,,,,
Generation Time (ms): 32,,,,,,,,,,,,,,,,,,,,,,,,,,
Execution Time (ms): 2967,,,,2967,,,,,,,,,,,,,,,,,,,,,,
Will be using the record layer library,,,,,,,,,,,,,,,,,,,,,,,,,,
Generated 500 tickets 10 times!,,,,,,,,,,,,,,,,,,,,,,,,,,
Created 500 tickets 10 times!,,,,,,,,,,,,,,,,,,,,,,,,,,
Command 'create-multiple' runtime:,,,,,,,,,,,,,,,,,,,,,,,,,,
Generation Time (ms): 31,,,,,,,,,,,,,,,,,,,,,,,,,,
Execution Time (ms): 2953,,,,2953,,,,,,,,,,,,,,,,,,,,,,
Will be using the record layer library,,,,,,,,,,,,,,,,,,,,,,,,,,
Generated 500 tickets 10 times!,,,,,,,,,,,,,,,,,,,,,,,,,,
Created 500 tickets 10 times!,,,,,,,,,,,,,,,,,,,,,,,,,,
Command 'create-multiple' runtime:,,,,,,,,,,,,,,,,,,,,,,,,,,
Generation Time (ms): 31,,,,,,,,,,,,,,,,,,,,,,,,,,
Execution Time (ms): 2915,,,,2915,,,,,,,,,,,,,,,,,,,,,,
Will be using the record layer library,,,,,,,,,,,,,,,,,,,,,,,,,,
Generated 500 tickets 10 times!,,,,,,,,,,,,,,,,,,,,,,,,,,
Created 500 tickets 10 times!,,,,,,,,,,,,,,,,,,,,,,,,,,
Command 'create-multiple' runtime:,,,,,,,,,,,,,,,,,,,,,,,,,,
Generation Time (ms): 31,,,,,,,,,,,,,,,,,,,,,,,,,,
Execution Time (ms): 3027,,,,3027,,,,,,,,,,,,,,,,,,,,,,
Will be using the record layer library,,,,,,,,,,,,,,,,,,,,,,,,,,
Generated 500 tickets 10 times!,,,,,,,,,,,,,,,,,,,,,,,,,,
Created 500 tickets 10 times!,,,,,,,,,,,,,,,,,,,,,,,,,,
Command 'create-multiple' runtime:,,,,,,,,,,,,,,,,,,,,,,,,,,
Generation Time (ms): 31,,,,,,,,,,,,,,,,,,,,,,,,,,
Execution Time (ms): 2997,,,,2997,,,,,,,,,,,,,,,,,,,,,,
Will be using the record layer library,,,,,,,,,,,,,,,,,,,,,,,,,,
Generated 500 tickets 10 times!,,,,,,,,,,,,,,,,,,,,,,,,,,
Created 500 tickets 10 times!,,,,,,,,,,,,,,,,,,,,,,,,,,
Command 'create-multiple' runtime:,,,,,,,,,,,,,,,,,,,,,,,,,,
Generation Time (ms): 32,,,,,,,,,,,,,,,,,,,,,,,,,,
Execution Time (ms): 3109,,,,3109,,,,,,,,,,,,,,,,,,,,,,
Will be using the record layer library,,,,,,,,,,,,,,,,,,,,,,,,,,
Generated 500 tickets 10 times!,,,,,,,,,,,,,,,,,,,,,,,,,,
Created 500 tickets 10 times!,,,,,,,,,,,,,,,,,,,,,,,,,,
Command 'create-multiple' runtime:,,,,,,,,,,,,,,,,,,,,,,,,,,
Generation Time (ms): 32,,,,,,,,,,,,,,,,,,,,,,,,,,
Execution Time (ms): 3066,,,,3066,,,,,,,,,,,,,,,,,,,,,,
Will be using the record layer library,,,,,,,,,,,,,,,,,,,,,,,,,,
Generated 500 tickets 10 times!,,,,,,,,,,,,,,,,,,,,,,,,,,
Created 500 tickets 10 times!,,,,,,,,,,,,,,,,,,,,,,,,,,
Command 'create-multiple' runtime:,,,,,,,,,,,,,,,,,,,,,,,,,,
Generation Time (ms): 32,,,,,,,,,,,,,,,,,,,,,,,,,,
Execution Time (ms): 2998,,,,2998,,,,,,,,,,,,,,,,,,,,,,
Will be using the record layer library,,,,,,,,,,,,,,,,,,,,,,,,,,
Generated 500 tickets 10 times!,,,,,,,,,,,,,,,,,,,,,,,,,,
Created 500 tickets 10 times!,,,,,,,,,,,,,,,,,,,,,,,,,,
Command 'create-multiple' runtime:,,,,,,,,,,,,,,,,,,,,,,,,,,
Generation Time (ms): 32,,,,,,,,,,,,,,,,,,,,,,,,,,
Execution Time (ms): 3001,,,,3001,,,,,,,,,,,,,,,,,,,,,,
,,,,,,,,,,,,,,,,,,,,,,,,,,
,,,,,,,,,,,,,,,,,,,,,,,,,,
"./test_write.sh ""java -jar proxyCli.jar 127.0.0.1 8000 create-multiple 500 10"" 20",,,,,,,,,,,,,,,,,,,,,,,,,,
Will be using the following target: 127.0.0.1:8000,,,,,,3100,3100,3126,3135,3148,3148,3178,3186,3187,3190,3190,3190,3191,3195,3196,3197,3203,3219,3223,3240,3276
Generated 500 tickets 10 times!,,,,,,3126,,,,,,,,,,,,,,,,,,,,
Created 500 tickets 10 times!,,,,,,3135,,,,,,,,,,,,,,,,,,,,
Command 'create-multiple' runtime:,,,,,,3148,,,,,,,,,,,,,,,,,,,,
Generation Time (ms): 29,,,,,,3148,,,,,,,,,,,,,,,,,,,,
Execution Time (ms): 3197,,,,3197,,3178,,,,,,,,,,,,,,,,,,,,
Will be using the following target: 127.0.0.1:8000,,,,,,3186,,,,,,,,,,,,,,,,,,,,
Generated 500 tickets 10 times!,,,,,,3187,,,,,,,,,,,,,,,,,,,,
Created 500 tickets 10 times!,,,,,,3190,,,,,,,,,,,,,,,,,,,,
Command 'create-multiple' runtime:,,,,,,3190,,,,,,,,,,,,,,,,,,,,
Generation Time (ms): 31,,,,,,3190,,,,,,,,,,,,,,,,,,,,
Execution Time (ms): 3187,,,,3187,,3191,,,,,,,,,,,,,,,,,,,,
Will be using the following target: 127.0.0.1:8000,,,,,,3195,,,,,,,,,,,,,,,,,,,,
Generated 500 tickets 10 times!,,,,,,3196,,,,,,,,,,,,,,,,,,,,
Created 500 tickets 10 times!,,,,,,3197,,,,,,,,,,,,,,,,,,,,
Command 'create-multiple' runtime:,,,,,,3203,,,,,,,,,,,,,,,,,,,,
Generation Time (ms): 31,,,,,,3219,,,,,,,,,,,,,,,,,,,,
Execution Time (ms): 3126,,,,3126,,3223,,,,,,,,,,,,,,,,,,,,
Will be using the following target: 127.0.0.1:8000,,,,,,3240,,,,,,,,,,,,,,,,,,,,
Generated 500 tickets 10 times!,,,,,,3276,,,,,,,,,,,,,,,,,,,,
Created 500 tickets 10 times!,,,,,,,,,,,,,,,,,,,,,,,,,,
Command 'create-multiple' runtime:,,,,,,,,,,,,,,,,,,,,,,,,,,
Generation Time (ms): 30,,,,,,,,,,,,,,,,,,,,,,,,,,
Execution Time (ms): 3190,,,,3190,,,,,,,,,,,,,,,,,,,,,,
Will be using the following target: 127.0.0.1:8000,,,,,,,,,,,,,,,,,,,,,,,,,,
Generated 500 tickets 10 times!,,,,,,,,,,,,,,,,,,,,,,,,,,
Created 500 tickets 10 times!,,,,,,,,,,,,,,,,,,,,,,,,,,
Command 'create-multiple' runtime:,,,,,,,,,,,,,,,,,,,,,,,,,,
Generation Time (ms): 31,,,,,,,,,,,,,,,,,,,,,,,,,,
Execution Time (ms): 3190,,,,3190,,,,,,,,,,,,,,,,,,,,,,
Will be using the following target: 127.0.0.1:8000,,,,,,,,,,,,,,,,,,,,,,,,,,
Generated 500 tickets 10 times!,,,,,,,,,,,,,,,,,,,,,,,,,,
Created 500 tickets 10 times!,,,,,,,,,,,,,,,,,,,,,,,,,,
Command 'create-multiple' runtime:,,,,,,,,,,,,,,,,,,,,,,,,,,
Generation Time (ms): 30,,,,,,,,,,,,,,,,,,,,,,,,,,
Execution Time (ms): 3223,,,,3223,,,,,,,,,,,,,,,,,,,,,,
Will be using the following target: 127.0.0.1:8000,,,,,,,,,,,,,,,,,,,,,,,,,,
Generated 500 tickets 10 times!,,,,,,,,,,,,,,,,,,,,,,,,,,
Created 500 tickets 10 times!,,,,,,,,,,,,,,,,,,,,,,,,,,
Command 'create-multiple' runtime:,,,,,,,,,,,,,,,,,,,,,,,,,,
Generation Time (ms): 32,,,,,,,,,,,,,,,,,,,,,,,,,,
Execution Time (ms): 3100,,,,3100,,,,,,,,,,,,,,,,,,,,,,
Will be using the following target: 127.0.0.1:8000,,,,,,,,,,,,,,,,,,,,,,,,,,
Generated 500 tickets 10 times!,,,,,,,,,,,,,,,,,,,,,,,,,,
Created 500 tickets 10 times!,,,,,,,,,,,,,,,,,,,,,,,,,,
Command 'create-multiple' runtime:,,,,,,,,,,,,,,,,,,,,,,,,,,
Generation Time (ms): 30,,,,,,,,,,,,,,,,,,,,,,,,,,
Execution Time (ms): 3135,,,,3135,,,,,,,,,,,,,,,,,,,,,,
Will be using the following target: 127.0.0.1:8000,,,,,,,,,,,,,,,,,,,,,,,,,,
Generated 500 tickets 10 times!,,,,,,,,,,,,,,,,,,,,,,,,,,
Created 500 tickets 10 times!,,,,,,,,,,,,,,,,,,,,,,,,,,
Command 'create-multiple' runtime:,,,,,,,,,,,,,,,,,,,,,,,,,,
Generation Time (ms): 30,,,,,,,,,,,,,,,,,,,,,,,,,,
Execution Time (ms): 3148,,,,3148,,,,,,,,,,,,,,,,,,,,,,
Will be using the following target: 127.0.0.1:8000,,,,,,,,,,,,,,,,,,,,,,,,,,
Generated 500 tickets 10 times!,,,,,,,,,,,,,,,,,,,,,,,,,,
Created 500 tickets 10 times!,,,,,,,,,,,,,,,,,,,,,,,,,,
Command 'create-multiple' runtime:,,,,,,,,,,,,,,,,,,,,,,,,,,
Generation Time (ms): 32,,,,,,,,,,,,,,,,,,,,,,,,,,
Execution Time (ms): 3178,,,,3178,,,,,,,,,,,,,,,,,,,,,,
Will be using the following target: 127.0.0.1:8000,,,,,,,,,,,,,,,,,,,,,,,,,,
Generated 500 tickets 10 times!,,,,,,,,,,,,,,,,,,,,,,,,,,
Created 500 tickets 10 times!,,,,,,,,,,,,,,,,,,,,,,,,,,
Command 'create-multiple' runtime:,,,,,,,,,,,,,,,,,,,,,,,,,,
Generation Time (ms): 32,,,,,,,,,,,,,,,,,,,,,,,,,,
Execution Time (ms): 3191,,,,3191,,,,,,,,,,,,,,,,,,,,,,
Will be using the following target: 127.0.0.1:8000,,,,,,,,,,,,,,,,,,,,,,,,,,
Generated 500 tickets 10 times!,,,,,,,,,,,,,,,,,,,,,,,,,,
Created 500 tickets 10 times!,,,,,,,,,,,,,,,,,,,,,,,,,,
Command 'create-multiple' runtime:,,,,,,,,,,,,,,,,,,,,,,,,,,
Generation Time (ms): 31,,,,,,,,,,,,,,,,,,,,,,,,,,
Execution Time (ms): 3203,,,,3203,,,,,,,,,,,,,,,,,,,,,,
Will be using the following target: 127.0.0.1:8000,,,,,,,,,,,,,,,,,,,,,,,,,,
Generated 500 tickets 10 times!,,,,,,,,,,,,,,,,,,,,,,,,,,
Created 500 tickets 10 times!,,,,,,,,,,,,,,,,,,,,,,,,,,
Command 'create-multiple' runtime:,,,,,,,,,,,,,,,,,,,,,,,,,,
Generation Time (ms): 33,,,,,,,,,,,,,,,,,,,,,,,,,,
Execution Time (ms): 3276,,,,3276,,,,,,,,,,,,,,,,,,,,,,
Will be using the following target: 127.0.0.1:8000,,,,,,,,,,,,,,,,,,,,,,,,,,
Generated 500 tickets 10 times!,,,,,,,,,,,,,,,,,,,,,,,,,,
Created 500 tickets 10 times!,,,,,,,,,,,,,,,,,,,,,,,,,,
Command 'create-multiple' runtime:,,,,,,,,,,,,,,,,,,,,,,,,,,
Generation Time (ms): 32,,,,,,,,,,,,,,,,,,,,,,,,,,
Execution Time (ms): 3196,,,,3196,,,,,,,,,,,,,,,,,,,,,,
Will be using the following target: 127.0.0.1:8000,,,,,,,,,,,,,,,,,,,,,,,,,,
Generated 500 tickets 10 times!,,,,,,,,,,,,,,,,,,,,,,,,,,
Created 500 tickets 10 times!,,,,,,,,,,,,,,,,,,,,,,,,,,
Command 'create-multiple' runtime:,,,,,,,,,,,,,,,,,,,,,,,,,,
Generation Time (ms): 30,,,,,,,,,,,,,,,,,,,,,,,,,,
Execution Time (ms): 3195,,,,3195,,,,,,,,,,,,,,,,,,,,,,
Will be using the following target: 127.0.0.1:8000,,,,,,,,,,,,,,,,,,,,,,,,,,
Generated 500 tickets 10 times!,,,,,,,,,,,,,,,,,,,,,,,,,,
Created 500 tickets 10 times!,,,,,,,,,,,,,,,,,,,,,,,,,,
Command 'create-multiple' runtime:,,,,,,,,,,,,,,,,,,,,,,,,,,
Generation Time (ms): 32,,,,,,,,,,,,,,,,,,,,,,,,,,
Execution Time (ms): 3240,,,,3240,,,,,,,,,,,,,,,,,,,,,,
Will be using the following target: 127.0.0.1:8000,,,,,,,,,,,,,,,,,,,,,,,,,,
Generated 500 tickets 10 times!,,,,,,,,,,,,,,,,,,,,,,,,,,
Created 500 tickets 10 times!,,,,,,,,,,,,,,,,,,,,,,,,,,
Command 'create-multiple' runtime:,,,,,,,,,,,,,,,,,,,,,,,,,,
Generation Time (ms): 31,,,,,,,,,,,,,,,,,,,,,,,,,,
Execution Time (ms): 3219,,,,3219,,,,,,,,,,,,,,,,,,,,,,
Will be using the following target: 127.0.0.1:8000,,,,,,,,,,,,,,,,,,,,,,,,,,
Generated 500 tickets 10 times!,,,,,,,,,,,,,,,,,,,,,,,,,,
Created 500 tickets 10 times!,,,,,,,,,,,,,,,,,,,,,,,,,,
Command 'create-multiple' runtime:,,,,,,,,,,,,,,,,,,,,,,,,,,
Generation Time (ms): 31,,,,,,,,,,,,,,,,,,,,,,,,,,
Execution Time (ms): 3148,,,,3148,,,,,,,,,,,,,,,,,,,,,,
Will be using the following target: 127.0.0.1:8000,,,,,,,,,,,,,,,,,,,,,,,,,,
Generated 500 tickets 10 times!,,,,,,,,,,,,,,,,,,,,,,,,,,
Created 500 tickets 10 times!,,,,,,,,,,,,,,,,,,,,,,,,,,
Command 'create-multiple' runtime:,,,,,,,,,,,,,,,,,,,,,,,,,,
Generation Time (ms): 30,,,,,,,,,,,,,,,,,,,,,,,,,,
Execution Time (ms): 3190,,,,3190,,,,,,,,,,,,,,,,,,,,,,
Will be using the following target: 127.0.0.1:8000,,,,,,,,,,,,,,,,,,,,,,,,,,
Generated 500 tickets 10 times!,,,,,,,,,,,,,,,,,,,,,,,,,,
Created 500 tickets 10 times!,,,,,,,,,,,,,,,,,,,,,,,,,,
Command 'create-multiple' runtime:,,,,,,,,,,,,,,,,,,,,,,,,,,
Generation Time (ms): 30,,,,,,,,,,,,,,,,,,,,,,,,,,
Execution Time (ms): 3186,,,,3186,,,,,,,,,,,,,,,,,,,,,,
,,,,,,,,,,,,,,,,,,,,,,,,,,
,,,,,,,,,,,,,,,,,,,,,,,,,,
,,,,,,,,,,,,,,,,,,,,,,,,,,
"./test_write.sh ""java -jar cli.jar create-multiple 500 50"" 20",,,,,,,,,,,,,,,,,,,,,,,,,,
Will be using the record layer library,,,,,,8931,8931,8942,8984,8990,9018,9035,9063,9072,9085,9094,9099,9106,9114,9136,9140,9142,9173,9184,9184,9342
Generated 500 tickets 50 times!,,,,,,8942,,,,,,,,,,,,,,,,,,,,
Created 500 tickets 50 times!,,,,,,8984,,,,,,,,,,,,,,,,,,,,
Command 'create-multiple' runtime:,,,,,,8990,,,,,,,,,,,,,,,,,,,,
Generation Time (ms): 60,,,,,,9018,,,,,,,,,,,,,,,,,,,,
Execution Time (ms): 8984,,,,8984,,9035,,,,,,,,,,,,,,,,,,,,
Will be using the record layer library,,,,,,9063,,,,,,,,,,,,,,,,,,,,
Generated 500 tickets 50 times!,,,,,,9072,,,,,,,,,,,,,,,,,,,,
Created 500 tickets 50 times!,,,,,,9085,,,,,,,,,,,,,,,,,,,,
Command 'create-multiple' runtime:,,,,,,9094,,,,,,,,,,,,,,,,,,,,
Generation Time (ms): 60,,,,,,9099,,,,,,,,,,,,,,,,,,,,
Execution Time (ms): 8990,,,,8990,,9106,,,,,,,,,,,,,,,,,,,,
Will be using the record layer library,,,,,,9114,,,,,,,,,,,,,,,,,,,,
Generated 500 tickets 50 times!,,,,,,9136,,,,,,,,,,,,,,,,,,,,
Created 500 tickets 50 times!,,,,,,9140,,,,,,,,,,,,,,,,,,,,
Command 'create-multiple' runtime:,,,,,,9142,,,,,,,,,,,,,,,,,,,,
Generation Time (ms): 60,,,,,,9173,,,,,,,,,,,,,,,,,,,,
Execution Time (ms): 9018,,,,9018,,9184,,,,,,,,,,,,,,,,,,,,
Will be using the record layer library,,,,,,9184,,,,,,,,,,,,,,,,,,,,
Generated 500 tickets 50 times!,,,,,,9342,,,,,,,,,,,,,,,,,,,,
Created 500 tickets 50 times!,,,,,,,,,,,,,,,,,,,,,,,,,,
Command 'create-multiple' runtime:,,,,,,,,,,,,,,,,,,,,,,,,,,
Generation Time (ms): 60,,,,,,,,,,,,,,,,,,,,,,,,,,
Execution Time (ms): 9035,,,,9035,,,,,,,,,,,,,,,,,,,,,,
Will be using the record layer library,,,,,,,,,,,,,,,,,,,,,,,,,,
Generated 500 tickets 50 times!,,,,,,,,,,,,,,,,,,,,,,,,,,
Created 500 tickets 50 times!,,,,,,,,,,,,,,,,,,,,,,,,,,
Command 'create-multiple' runtime:,,,,,,,,,,,,,,,,,,,,,,,,,,
Generation Time (ms): 64,,,,,,,,,,,,,,,,,,,,,,,,,,
Execution Time (ms): 8931,,,,8931,,,,,,,,,,,,,,,,,,,,,,
Will be using the record layer library,,,,,,,,,,,,,,,,,,,,,,,,,,
Generated 500 tickets 50 times!,,,,,,,,,,,,,,,,,,,,,,,,,,
Created 500 tickets 50 times!,,,,,,,,,,,,,,,,,,,,,,,,,,
Command 'create-multiple' runtime:,,,,,,,,,,,,,,,,,,,,,,,,,,
Generation Time (ms): 59,,,,,,,,,,,,,,,,,,,,,,,,,,
Execution Time (ms): 9085,,,,9085,,,,,,,,,,,,,,,,,,,,,,
Will be using the record layer library,,,,,,,,,,,,,,,,,,,,,,,,,,
Generated 500 tickets 50 times!,,,,,,,,,,,,,,,,,,,,,,,,,,
Created 500 tickets 50 times!,,,,,,,,,,,,,,,,,,,,,,,,,,
Command 'create-multiple' runtime:,,,,,,,,,,,,,,,,,,,,,,,,,,
Generation Time (ms): 57,,,,,,,,,,,,,,,,,,,,,,,,,,
Execution Time (ms): 9184,,,,9184,,,,,,,,,,,,,,,,,,,,,,
Will be using the record layer library,,,,,,,,,,,,,,,,,,,,,,,,,,
Generated 500 tickets 50 times!,,,,,,,,,,,,,,,,,,,,,,,,,,
Created 500 tickets 50 times!,,,,,,,,,,,,,,,,,,,,,,,,,,
Command 'create-multiple' runtime:,,,,,,,,,,,,,,,,,,,,,,,,,,
Generation Time (ms): 59,,,,,,,,,,,,,,,,,,,,,,,,,,
Execution Time (ms): 9342,,,,9342,,,,,,,,,,,,,,,,,,,,,,
Will be using the record layer library,,,,,,,,,,,,,,,,,,,,,,,,,,
Generated 500 tickets 50 times!,,,,,,,,,,,,,,,,,,,,,,,,,,
Created 500 tickets 50 times!,,,,,,,,,,,,,,,,,,,,,,,,,,
Command 'create-multiple' runtime:,,,,,,,,,,,,,,,,,,,,,,,,,,
Generation Time (ms): 62,,,,,,,,,,,,,,,,,,,,,,,,,,
Execution Time (ms): 9136,,,,9136,,,,,,,,,,,,,,,,,,,,,,
Will be using the record layer library,,,,,,,,,,,,,,,,,,,,,,,,,,
Generated 500 tickets 50 times!,,,,,,,,,,,,,,,,,,,,,,,,,,
Created 500 tickets 50 times!,,,,,,,,,,,,,,,,,,,,,,,,,,
Command 'create-multiple' runtime:,,,,,,,,,,,,,,,,,,,,,,,,,,
Generation Time (ms): 62,,,,,,,,,,,,,,,,,,,,,,,,,,
Execution Time (ms): 9063,,,,9063,,,,,,,,,,,,,,,,,,,,,,
Will be using the record layer library,,,,,,,,,,,,,,,,,,,,,,,,,,
Generated 500 tickets 50 times!,,,,,,,,,,,,,,,,,,,,,,,,,,
Created 500 tickets 50 times!,,,,,,,,,,,,,,,,,,,,,,,,,,
Command 'create-multiple' runtime:,,,,,,,,,,,,,,,,,,,,,,,,,,
Generation Time (ms): 60,,,,,,,,,,,,,,,,,,,,,,,,,,
Execution Time (ms): 8942,,,,8942,,,,,,,,,,,,,,,,,,,,,,
Will be using the record layer library,,,,,,,,,,,,,,,,,,,,,,,,,,
Generated 500 tickets 50 times!,,,,,,,,,,,,,,,,,,,,,,,,,,
Created 500 tickets 50 times!,,,,,,,,,,,,,,,,,,,,,,,,,,
Command 'create-multiple' runtime:,,,,,,,,,,,,,,,,,,,,,,,,,,
Generation Time (ms): 58,,,,,,,,,,,,,,,,,,,,,,,,,,
Execution Time (ms): 9099,,,,9099,,,,,,,,,,,,,,,,,,,,,,
Will be using the record layer library,,,,,,,,,,,,,,,,,,,,,,,,,,
Generated 500 tickets 50 times!,,,,,,,,,,,,,,,,,,,,,,,,,,
Created 500 tickets 50 times!,,,,,,,,,,,,,,,,,,,,,,,,,,
Command 'create-multiple' runtime:,,,,,,,,,,,,,,,,,,,,,,,,,,
Generation Time (ms): 59,,,,,,,,,,,,,,,,,,,,,,,,,,
Execution Time (ms): 9072,,,,9072,,,,,,,,,,,,,,,,,,,,,,
Will be using the record layer library,,,,,,,,,,,,,,,,,,,,,,,,,,
Generated 500 tickets 50 times!,,,,,,,,,,,,,,,,,,,,,,,,,,
Created 500 tickets 50 times!,,,,,,,,,,,,,,,,,,,,,,,,,,
Command 'create-multiple' runtime:,,,,,,,,,,,,,,,,,,,,,,,,,,
Generation Time (ms): 60,,,,,,,,,,,,,,,,,,,,,,,,,,
Execution Time (ms): 9114,,,,9114,,,,,,,,,,,,,,,,,,,,,,
Will be using the record layer library,,,,,,,,,,,,,,,,,,,,,,,,,,
Generated 500 tickets 50 times!,,,,,,,,,,,,,,,,,,,,,,,,,,
Created 500 tickets 50 times!,,,,,,,,,,,,,,,,,,,,,,,,,,
Command 'create-multiple' runtime:,,,,,,,,,,,,,,,,,,,,,,,,,,
Generation Time (ms): 59,,,,,,,,,,,,,,,,,,,,,,,,,,
Execution Time (ms): 9106,,,,9106,,,,,,,,,,,,,,,,,,,,,,
Will be using the record layer library,,,,,,,,,,,,,,,,,,,,,,,,,,
Generated 500 tickets 50 times!,,,,,,,,,,,,,,,,,,,,,,,,,,
Created 500 tickets 50 times!,,,,,,,,,,,,,,,,,,,,,,,,,,
Command 'create-multiple' runtime:,,,,,,,,,,,,,,,,,,,,,,,,,,
Generation Time (ms): 56,,,,,,,,,,,,,,,,,,,,,,,,,,
Execution Time (ms): 9094,,,,9094,,,,,,,,,,,,,,,,,,,,,,
Will be using the record layer library,,,,,,,,,,,,,,,,,,,,,,,,,,
Generated 500 tickets 50 times!,,,,,,,,,,,,,,,,,,,,,,,,,,
Created 500 tickets 50 times!,,,,,,,,,,,,,,,,,,,,,,,,,,
Command 'create-multiple' runtime:,,,,,,,,,,,,,,,,,,,,,,,,,,
Generation Time (ms): 61,,,,,,,,,,,,,,,,,,,,,,,,,,
Execution Time (ms): 9173,,,,9173,,,,,,,,,,,,,,,,,,,,,,
Will be using the record layer library,,,,,,,,,,,,,,,,,,,,,,,,,,
Generated 500 tickets 50 times!,,,,,,,,,,,,,,,,,,,,,,,,,,
Created 500 tickets 50 times!,,,,,,,,,,,,,,,,,,,,,,,,,,
Command 'create-multiple' runtime:,,,,,,,,,,,,,,,,,,,,,,,,,,
Generation Time (ms): 61,,,,,,,,,,,,,,,,,,,,,,,,,,
Execution Time (ms): 9184,,,,9184,,,,,,,,,,,,,,,,,,,,,,
Will be using the record layer library,,,,,,,,,,,,,,,,,,,,,,,,,,
Generated 500 tickets 50 times!,,,,,,,,,,,,,,,,,,,,,,,,,,
Created 500 tickets 50 times!,,,,,,,,,,,,,,,,,,,,,,,,,,
Command 'create-multiple' runtime:,,,,,,,,,,,,,,,,,,,,,,,,,,
Generation Time (ms): 62,,,,,,,,,,,,,,,,,,,,,,,,,,
Execution Time (ms): 9140,,,,9140,,,,,,,,,,,,,,,,,,,,,,
Will be using the record layer library,,,,,,,,,,,,,,,,,,,,,,,,,,
Generated 500 tickets 50 times!,,,,,,,,,,,,,,,,,,,,,,,,,,
Created 500 tickets 50 times!,,,,,,,,,,,,,,,,,,,,,,,,,,
Command 'create-multiple' runtime:,,,,,,,,,,,,,,,,,,,,,,,,,,
Generation Time (ms): 57,,,,,,,,,,,,,,,,,,,,,,,,,,
Execution Time (ms): 9142,,,,9142,,,,,,,,,,,,,,,,,,,,,,
,,,,,,,,,,,,,,,,,,,,,,,,,,
,,,,,,,,,,,,,,,,,,,,,,,,,,
,,,,,,,,,,,,,,,,,,,,,,,,,,
,,,,,,,,,,,,,,,,,,,,,,,,,,
"./test_write.sh ""java -jar proxyCli.jar 127.0.0.1 8000 create-multiple 500 50"" 20",,,,,,,,,,,,,,,,,,,,,,,,,,
Will be using the following target: 127.0.0.1:8000,,,,,,9143,9143,9197,9202,9230,9232,9238,9251,9254,9269,9274,9279,9283,9283,9301,9317,9340,9424,9438,9528,9858
Generated 500 tickets 50 times!,,,,,,9197,,,,,,,,,,,,,,,,,,,,
Created 500 tickets 50 times!,,,,,,9202,,,,,,,,,,,,,,,,,,,,
Command 'create-multiple' runtime:,,,,,,9230,,,,,,,,,,,,,,,,,,,,
Generation Time (ms): 57,,,,,,9232,,,,,,,,,,,,,,,,,,,,
Execution Time (ms): 9424,,,,9424,,9238,,,,,,,,,,,,,,,,,,,,
Will be using the following target: 127.0.0.1:8000,,,,,,9251,,,,,,,,,,,,,,,,,,,,
Generated 500 tickets 50 times!,,,,,,9254,,,,,,,,,,,,,,,,,,,,
Created 500 tickets 50 times!,,,,,,9269,,,,,,,,,,,,,,,,,,,,
Command 'create-multiple' runtime:,,,,,,9274,,,,,,,,,,,,,,,,,,,,
Generation Time (ms): 59,,,,,,9279,,,,,,,,,,,,,,,,,,,,
Execution Time (ms): 9340,,,,9340,,9283,,,,,,,,,,,,,,,,,,,,
Will be using the following target: 127.0.0.1:8000,,,,,,9283,,,,,,,,,,,,,,,,,,,,
Generated 500 tickets 50 times!,,,,,,9301,,,,,,,,,,,,,,,,,,,,
Created 500 tickets 50 times!,,,,,,9317,,,,,,,,,,,,,,,,,,,,
Command 'create-multiple' runtime:,,,,,,9340,,,,,,,,,,,,,,,,,,,,
Generation Time (ms): 59,,,,,,9424,,,,,,,,,,,,,,,,,,,,
Execution Time (ms): 9858,,,,9858,,9438,,,,,,,,,,,,,,,,,,,,
Will be using the following target: 127.0.0.1:8000,,,,,,9528,,,,,,,,,,,,,,,,,,,,
Generated 500 tickets 50 times!,,,,,,9858,,,,,,,,,,,,,,,,,,,,
Created 500 tickets 50 times!,,,,,,,,,,,,,,,,,,,,,,,,,,
Command 'create-multiple' runtime:,,,,,,,,,,,,,,,,,,,,,,,,,,
Generation Time (ms): 61,,,,,,,,,,,,,,,,,,,,,,,,,,
Execution Time (ms): 9528,,,,9528,,,,,,,,,,,,,,,,,,,,,,
Will be using the following target: 127.0.0.1:8000,,,,,,,,,,,,,,,,,,,,,,,,,,
Generated 500 tickets 50 times!,,,,,,,,,,,,,,,,,,,,,,,,,,
Created 500 tickets 50 times!,,,,,,,,,,,,,,,,,,,,,,,,,,
Command 'create-multiple' runtime:,,,,,,,,,,,,,,,,,,,,,,,,,,
Generation Time (ms): 61,,,,,,,,,,,,,,,,,,,,,,,,,,
Execution Time (ms): 9274,,,,9274,,,,,,,,,,,,,,,,,,,,,,
Will be using the following target: 127.0.0.1:8000,,,,,,,,,,,,,,,,,,,,,,,,,,
Generated 500 tickets 50 times!,,,,,,,,,,,,,,,,,,,,,,,,,,
Created 500 tickets 50 times!,,,,,,,,,,,,,,,,,,,,,,,,,,
Command 'create-multiple' runtime:,,,,,,,,,,,,,,,,,,,,,,,,,,
Generation Time (ms): 62,,,,,,,,,,,,,,,,,,,,,,,,,,
Execution Time (ms): 9317,,,,9317,,,,,,,,,,,,,,,,,,,,,,
Will be using the following target: 127.0.0.1:8000,,,,,,,,,,,,,,,,,,,,,,,,,,
Generated 500 tickets 50 times!,,,,,,,,,,,,,,,,,,,,,,,,,,
Created 500 tickets 50 times!,,,,,,,,,,,,,,,,,,,,,,,,,,
Command 'create-multiple' runtime:,,,,,,,,,,,,,,,,,,,,,,,,,,
Generation Time (ms): 61,,,,,,,,,,,,,,,,,,,,,,,,,,
Execution Time (ms): 9269,,,,9269,,,,,,,,,,,,,,,,,,,,,,
Will be using the following target: 127.0.0.1:8000,,,,,,,,,,,,,,,,,,,,,,,,,,
Generated 500 tickets 50 times!,,,,,,,,,,,,,,,,,,,,,,,,,,
Created 500 tickets 50 times!,,,,,,,,,,,,,,,,,,,,,,,,,,
Command 'create-multiple' runtime:,,,,,,,,,,,,,,,,,,,,,,,,,,
Generation Time (ms): 58,,,,,,,,,,,,,,,,,,,,,,,,,,
Execution Time (ms): 9279,,,,9279,,,,,,,,,,,,,,,,,,,,,,
Will be using the following target: 127.0.0.1:8000,,,,,,,,,,,,,,,,,,,,,,,,,,
Generated 500 tickets 50 times!,,,,,,,,,,,,,,,,,,,,,,,,,,
Created 500 tickets 50 times!,,,,,,,,,,,,,,,,,,,,,,,,,,
Command 'create-multiple' runtime:,,,,,,,,,,,,,,,,,,,,,,,,,,
Generation Time (ms): 57,,,,,,,,,,,,,,,,,,,,,,,,,,
Execution Time (ms): 9254,,,,9254,,,,,,,,,,,,,,,,,,,,,,
Will be using the following target: 127.0.0.1:8000,,,,,,,,,,,,,,,,,,,,,,,,,,
Generated 500 tickets 50 times!,,,,,,,,,,,,,,,,,,,,,,,,,,
Created 500 tickets 50 times!,,,,,,,,,,,,,,,,,,,,,,,,,,
Command 'create-multiple' runtime:,,,,,,,,,,,,,,,,,,,,,,,,,,
Generation Time (ms): 61,,,,,,,,,,,,,,,,,,,,,,,,,,
Execution Time (ms): 9197,,,,9197,,,,,,,,,,,,,,,,,,,,,,
Will be using the following target: 127.0.0.1:8000,,,,,,,,,,,,,,,,,,,,,,,,,,
Generated 500 tickets 50 times!,,,,,,,,,,,,,,,,,,,,,,,,,,
Created 500 tickets 50 times!,,,,,,,,,,,,,,,,,,,,,,,,,,
Command 'create-multiple' runtime:,,,,,,,,,,,,,,,,,,,,,,,,,,
Generation Time (ms): 62,,,,,,,,,,,,,,,,,,,,,,,,,,
Execution Time (ms): 9238,,,,9238,,,,,,,,,,,,,,,,,,,,,,
Will be using the following target: 127.0.0.1:8000,,,,,,,,,,,,,,,,,,,,,,,,,,
Generated 500 tickets 50 times!,,,,,,,,,,,,,,,,,,,,,,,,,,
Created 500 tickets 50 times!,,,,,,,,,,,,,,,,,,,,,,,,,,
Command 'create-multiple' runtime:,,,,,,,,,,,,,,,,,,,,,,,,,,
Generation Time (ms): 59,,,,,,,,,,,,,,,,,,,,,,,,,,
Execution Time (ms): 9301,,,,9301,,,,,,,,,,,,,,,,,,,,,,
Will be using the following target: 127.0.0.1:8000,,,,,,,,,,,,,,,,,,,,,,,,,,
Generated 500 tickets 50 times!,,,,,,,,,,,,,,,,,,,,,,,,,,
Created 500 tickets 50 times!,,,,,,,,,,,,,,,,,,,,,,,,,,
Command 'create-multiple' runtime:,,,,,,,,,,,,,,,,,,,,,,,,,,
Generation Time (ms): 60,,,,,,,,,,,,,,,,,,,,,,,,,,
Execution Time (ms): 9438,,,,9438,,,,,,,,,,,,,,,,,,,,,,
Will be using the following target: 127.0.0.1:8000,,,,,,,,,,,,,,,,,,,,,,,,,,
Generated 500 tickets 50 times!,,,,,,,,,,,,,,,,,,,,,,,,,,
Created 500 tickets 50 times!,,,,,,,,,,,,,,,,,,,,,,,,,,
Command 'create-multiple' runtime:,,,,,,,,,,,,,,,,,,,,,,,,,,
Generation Time (ms): 60,,,,,,,,,,,,,,,,,,,,,,,,,,
Execution Time (ms): 9232,,,,9232,,,,,,,,,,,,,,,,,,,,,,
Will be using the following target: 127.0.0.1:8000,,,,,,,,,,,,,,,,,,,,,,,,,,
Generated 500 tickets 50 times!,,,,,,,,,,,,,,,,,,,,,,,,,,
Created 500 tickets 50 times!,,,,,,,,,,,,,,,,,,,,,,,,,,
Command 'create-multiple' runtime:,,,,,,,,,,,,,,,,,,,,,,,,,,
Generation Time (ms): 61,,,,,,,,,,,,,,,,,,,,,,,,,,
Execution Time (ms): 9230,,,,9230,,,,,,,,,,,,,,,,,,,,,,
Will be using the following target: 127.0.0.1:8000,,,,,,,,,,,,,,,,,,,,,,,,,,
Generated 500 tickets 50 times!,,,,,,,,,,,,,,,,,,,,,,,,,,
Created 500 tickets 50 times!,,,,,,,,,,,,,,,,,,,,,,,,,,
Command 'create-multiple' runtime:,,,,,,,,,,,,,,,,,,,,,,,,,,
Generation Time (ms): 59,,,,,,,,,,,,,,,,,,,,,,,,,,
Execution Time (ms): 9143,,,,9143,,,,,,,,,,,,,,,,,,,,,,
Will be using the following target: 127.0.0.1:8000,,,,,,,,,,,,,,,,,,,,,,,,,,
Generated 500 tickets 50 times!,,,,,,,,,,,,,,,,,,,,,,,,,,
Created 500 tickets 50 times!,,,,,,,,,,,,,,,,,,,,,,,,,,
Command 'create-multiple' runtime:,,,,,,,,,,,,,,,,,,,,,,,,,,
Generation Time (ms): 62,,,,,,,,,,,,,,,,,,,,,,,,,,
Execution Time (ms): 9202,,,,9202,,,,,,,,,,,,,,,,,,,,,,
Will be using the following target: 127.0.0.1:8000,,,,,,,,,,,,,,,,,,,,,,,,,,
Generated 500 tickets 50 times!,,,,,,,,,,,,,,,,,,,,,,,,,,
Created 500 tickets 50 times!,,,,,,,,,,,,,,,,,,,,,,,,,,
Command 'create-multiple' runtime:,,,,,,,,,,,,,,,,,,,,,,,,,,
Generation Time (ms): 59,,,,,,,,,,,,,,,,,,,,,,,,,,
Execution Time (ms): 9251,,,,9251,,,,,,,,,,,,,,,,,,,,,,
Will be using the following target: 127.0.0.1:8000,,,,,,,,,,,,,,,,,,,,,,,,,,
Generated 500 tickets 50 times!,,,,,,,,,,,,,,,,,,,,,,,,,,
Created 500 tickets 50 times!,,,,,,,,,,,,,,,,,,,,,,,,,,
Command 'create-multiple' runtime:,,,,,,,,,,,,,,,,,,,,,,,,,,
Generation Time (ms): 59,,,,,,,,,,,,,,,,,,,,,,,,,,
Execution Time (ms): 9283,,,,9283,,,,,,,,,,,,,,,,,,,,,,
Will be using the following target: 127.0.0.1:8000,,,,,,,,,,,,,,,,,,,,,,,,,,
Generated 500 tickets 50 times!,,,,,,,,,,,,,,,,,,,,,,,,,,
Created 500 tickets 50 times!,,,,,,,,,,,,,,,,,,,,,,,,,,
Command 'create-multiple' runtime:,,,,,,,,,,,,,,,,,,,,,,,,,,
Generation Time (ms): 66,,,,,,,,,,,,,,,,,,,,,,,,,,
Execution Time (ms): 9283,,,,9283,,,,,,,,,,,,,,,,,,,,,,
,,,,,,,,,,,,,,,,,,,,,,,,,,
,,,,,,,,,,,,,,,,,,,,,,,,,,
,,,,,,,,,,,,,,,,,,,,,,,,,,
,,,,,,,,,,,,,,,,,,,,,,,,,,
"./test_write.sh ""java -jar cli.jar create-multiple 500 100"" 20",,,,,,,,,,,,,,,,,,,,,,,,,,
Will be using the record layer library,,,,,,16427,16427,16441,16472,16509,16530,16530,16643,16663,16671,16716,16722,16762,16795,16808,16821,16861,16879,16887,16900,16949
Generated 500 tickets 100 times!,,,,,,16441,,,,,,,,,,,,,,,,,,,,
Created 500 tickets 100 times!,,,,,,16472,,,,,,,,,,,,,,,,,,,,
Command 'create-multiple' runtime:,,,,,,16509,,,,,,,,,,,,,,,,,,,,
Generation Time (ms): 91,,,,,,16530,,,,,,,,,,,,,,,,,,,,
Execution Time (ms): 16509,,,,16509,,16530,,,,,,,,,,,,,,,,,,,,
Will be using the record layer library,,,,,,16643,,,,,,,,,,,,,,,,,,,,
Generated 500 tickets 100 times!,,,,,,16663,,,,,,,,,,,,,,,,,,,,
Created 500 tickets 100 times!,,,,,,16671,,,,,,,,,,,,,,,,,,,,
Command 'create-multiple' runtime:,,,,,,16716,,,,,,,,,,,,,,,,,,,,
Generation Time (ms): 96,,,,,,16722,,,,,,,,,,,,,,,,,,,,
Execution Time (ms): 16427,,,,16427,,16762,,,,,,,,,,,,,,,,,,,,
Will be using the record layer library,,,,,,16795,,,,,,,,,,,,,,,,,,,,
Generated 500 tickets 100 times!,,,,,,16808,,,,,,,,,,,,,,,,,,,,
Created 500 tickets 100 times!,,,,,,16821,,,,,,,,,,,,,,,,,,,,
Command 'create-multiple' runtime:,,,,,,16861,,,,,,,,,,,,,,,,,,,,
Generation Time (ms): 96,,,,,,16879,,,,,,,,,,,,,,,,,,,,
Execution Time (ms): 16530,,,,16530,,16887,,,,,,,,,,,,,,,,,,,,
Will be using the record layer library,,,,,,16900,,,,,,,,,,,,,,,,,,,,
Generated 500 tickets 100 times!,,,,,,16949,,,,,,,,,,,,,,,,,,,,
Created 500 tickets 100 times!,,,,,,,,,,,,,,,,,,,,,,,,,,
Command 'create-multiple' runtime:,,,,,,,,,,,,,,,,,,,,,,,,,,
Generation Time (ms): 93,,,,,,,,,,,,,,,,,,,,,,,,,,
Execution Time (ms): 16900,,,,16900,,,,,,,,,,,,,,,,,,,,,,
Will be using the record layer library,,,,,,,,,,,,,,,,,,,,,,,,,,
Generated 500 tickets 100 times!,,,,,,,,,,,,,,,,,,,,,,,,,,
Created 500 tickets 100 times!,,,,,,,,,,,,,,,,,,,,,,,,,,
Command 'create-multiple' runtime:,,,,,,,,,,,,,,,,,,,,,,,,,,
Generation Time (ms): 93,,,,,,,,,,,,,,,,,,,,,,,,,,
Execution Time (ms): 16879,,,,16879,,,,,,,,,,,,,,,,,,,,,,
Will be using the record layer library,,,,,,,,,,,,,,,,,,,,,,,,,,
Generated 500 tickets 100 times!,,,,,,,,,,,,,,,,,,,,,,,,,,
Created 500 tickets 100 times!,,,,,,,,,,,,,,,,,,,,,,,,,,
Command 'create-multiple' runtime:,,,,,,,,,,,,,,,,,,,,,,,,,,
Generation Time (ms): 93,,,,,,,,,,,,,,,,,,,,,,,,,,
Execution Time (ms): 16887,,,,16887,,,,,,,,,,,,,,,,,,,,,,
Will be using the record layer library,,,,,,,,,,,,,,,,,,,,,,,,,,
Generated 500 tickets 100 times!,,,,,,,,,,,,,,,,,,,,,,,,,,
Created 500 tickets 100 times!,,,,,,,,,,,,,,,,,,,,,,,,,,
Command 'create-multiple' runtime:,,,,,,,,,,,,,,,,,,,,,,,,,,
Generation Time (ms): 91,,,,,,,,,,,,,,,,,,,,,,,,,,
Execution Time (ms): 16808,,,,16808,,,,,,,,,,,,,,,,,,,,,,
Will be using the record layer library,,,,,,,,,,,,,,,,,,,,,,,,,,
Generated 500 tickets 100 times!,,,,,,,,,,,,,,,,,,,,,,,,,,
Created 500 tickets 100 times!,,,,,,,,,,,,,,,,,,,,,,,,,,
Command 'create-multiple' runtime:,,,,,,,,,,,,,,,,,,,,,,,,,,
Generation Time (ms): 96,,,,,,,,,,,,,,,,,,,,,,,,,,
Execution Time (ms): 16643,,,,16643,,,,,,,,,,,,,,,,,,,,,,
Will be using the record layer library,,,,,,,,,,,,,,,,,,,,,,,,,,
Generated 500 tickets 100 times!,,,,,,,,,,,,,,,,,,,,,,,,,,
Created 500 tickets 100 times!,,,,,,,,,,,,,,,,,,,,,,,,,,
Command 'create-multiple' runtime:,,,,,,,,,,,,,,,,,,,,,,,,,,
Generation Time (ms): 90,,,,,,,,,,,,,,,,,,,,,,,,,,
Execution Time (ms): 16762,,,,16762,,,,,,,,,,,,,,,,,,,,,,
Will be using the record layer library,,,,,,,,,,,,,,,,,,,,,,,,,,
Generated 500 tickets 100 times!,,,,,,,,,,,,,,,,,,,,,,,,,,
Created 500 tickets 100 times!,,,,,,,,,,,,,,,,,,,,,,,,,,
Command 'create-multiple' runtime:,,,,,,,,,,,,,,,,,,,,,,,,,,
Generation Time (ms): 92,,,,,,,,,,,,,,,,,,,,,,,,,,
Execution Time (ms): 16821,,,,16821,,,,,,,,,,,,,,,,,,,,,,
Will be using the record layer library,,,,,,,,,,,,,,,,,,,,,,,,,,
Generated 500 tickets 100 times!,,,,,,,,,,,,,,,,,,,,,,,,,,
Created 500 tickets 100 times!,,,,,,,,,,,,,,,,,,,,,,,,,,
Command 'create-multiple' runtime:,,,,,,,,,,,,,,,,,,,,,,,,,,
Generation Time (ms): 97,,,,,,,,,,,,,,,,,,,,,,,,,,
Execution Time (ms): 16472,,,,16472,,,,,,,,,,,,,,,,,,,,,,
Will be using the record layer library,,,,,,,,,,,,,,,,,,,,,,,,,,
Generated 500 tickets 100 times!,,,,,,,,,,,,,,,,,,,,,,,,,,
Created 500 tickets 100 times!,,,,,,,,,,,,,,,,,,,,,,,,,,
Command 'create-multiple' runtime:,,,,,,,,,,,,,,,,,,,,,,,,,,
Generation Time (ms): 93,,,,,,,,,,,,,,,,,,,,,,,,,,
Execution Time (ms): 16530,,,,16530,,,,,,,,,,,,,,,,,,,,,,
Will be using the record layer library,,,,,,,,,,,,,,,,,,,,,,,,,,
Generated 500 tickets 100 times!,,,,,,,,,,,,,,,,,,,,,,,,,,
Created 500 tickets 100 times!,,,,,,,,,,,,,,,,,,,,,,,,,,
Command 'create-multiple' runtime:,,,,,,,,,,,,,,,,,,,,,,,,,,
Generation Time (ms): 90,,,,,,,,,,,,,,,,,,,,,,,,,,
Execution Time (ms): 16663,,,,16663,,,,,,,,,,,,,,,,,,,,,,
Will be using the record layer library,,,,,,,,,,,,,,,,,,,,,,,,,,
Generated 500 tickets 100 times!,,,,,,,,,,,,,,,,,,,,,,,,,,
Created 500 tickets 100 times!,,,,,,,,,,,,,,,,,,,,,,,,,,
Command 'create-multiple' runtime:,,,,,,,,,,,,,,,,,,,,,,,,,,
Generation Time (ms): 94,,,,,,,,,,,,,,,,,,,,,,,,,,
Execution Time (ms): 16716,,,,16716,,,,,,,,,,,,,,,,,,,,,,
Will be using the record layer library,,,,,,,,,,,,,,,,,,,,,,,,,,
Generated 500 tickets 100 times!,,,,,,,,,,,,,,,,,,,,,,,,,,
Created 500 tickets 100 times!,,,,,,,,,,,,,,,,,,,,,,,,,,
Command 'create-multiple' runtime:,,,,,,,,,,,,,,,,,,,,,,,,,,
Generation Time (ms): 92,,,,,,,,,,,,,,,,,,,,,,,,,,
Execution Time (ms): 16671,,,,16671,,,,,,,,,,,,,,,,,,,,,,
Will be using the record layer library,,,,,,,,,,,,,,,,,,,,,,,,,,
Generated 500 tickets 100 times!,,,,,,,,,,,,,,,,,,,,,,,,,,
Created 500 tickets 100 times!,,,,,,,,,,,,,,,,,,,,,,,,,,
Command 'create-multiple' runtime:,,,,,,,,,,,,,,,,,,,,,,,,,,
Generation Time (ms): 91,,,,,,,,,,,,,,,,,,,,,,,,,,
Execution Time (ms): 16441,,,,16441,,,,,,,,,,,,,,,,,,,,,,
Will be using the record layer library,,,,,,,,,,,,,,,,,,,,,,,,,,
Generated 500 tickets 100 times!,,,,,,,,,,,,,,,,,,,,,,,,,,
Created 500 tickets 100 times!,,,,,,,,,,,,,,,,,,,,,,,,,,
Command 'create-multiple' runtime:,,,,,,,,,,,,,,,,,,,,,,,,,,
Generation Time (ms): 90,,,,,,,,,,,,,,,,,,,,,,,,,,
Execution Time (ms): 16722,,,,16722,,,,,,,,,,,,,,,,,,,,,,
Will be using the record layer library,,,,,,,,,,,,,,,,,,,,,,,,,,
Generated 500 tickets 100 times!,,,,,,,,,,,,,,,,,,,,,,,,,,
Created 500 tickets 100 times!,,,,,,,,,,,,,,,,,,,,,,,,,,
Command 'create-multiple' runtime:,,,,,,,,,,,,,,,,,,,,,,,,,,
Generation Time (ms): 91,,,,,,,,,,,,,,,,,,,,,,,,,,
Execution Time (ms): 16795,,,,16795,,,,,,,,,,,,,,,,,,,,,,
Will be using the record layer library,,,,,,,,,,,,,,,,,,,,,,,,,,
Generated 500 tickets 100 times!,,,,,,,,,,,,,,,,,,,,,,,,,,
Created 500 tickets 100 times!,,,,,,,,,,,,,,,,,,,,,,,,,,
Command 'create-multiple' runtime:,,,,,,,,,,,,,,,,,,,,,,,,,,
Generation Time (ms): 94,,,,,,,,,,,,,,,,,,,,,,,,,,
Execution Time (ms): 16861,,,,16861,,,,,,,,,,,,,,,,,,,,,,
Will be using the record layer library,,,,,,,,,,,,,,,,,,,,,,,,,,
Generated 500 tickets 100 times!,,,,,,,,,,,,,,,,,,,,,,,,,,
Created 500 tickets 100 times!,,,,,,,,,,,,,,,,,,,,,,,,,,
Command 'create-multiple' runtime:,,,,,,,,,,,,,,,,,,,,,,,,,,
Generation Time (ms): 92,,,,,,,,,,,,,,,,,,,,,,,,,,
Execution Time (ms): 16949,,,,16949,,,,,,,,,,,,,,,,,,,,,,
,,,,,,,,,,,,,,,,,,,,,,,,,,
,,,,,,,,,,,,,,,,,,,,,,,,,,
"./test_write.sh ""java -jar proxyCli.jar 127.0.0.1 8000 create-multiple 500 100"" 20",,,,,,,,,,,,,,,,,,,,,,,,,,
Will be using the following target: 127.0.0.1:8000,,,,,,17003,17003,17012,17029,17081,17131,17145,17146,17152,17184,17185,17191,17194,17197,17229,17234,17249,17301,17305,17323,17356
Generated 500 tickets 100 times!,,,,,,17012,,,,,,,,,,,,,,,,,,,,
Created 500 tickets 100 times!,,,,,,17029,,,,,,,,,,,,,,,,,,,,
Command 'create-multiple' runtime:,,,,,,17081,,,,,,,,,,,,,,,,,,,,
Generation Time (ms): 95,,,,,,17131,,,,,,,,,,,,,,,,,,,,
Execution Time (ms): 17197,,,,17197,,17145,,,,,,,,,,,,,,,,,,,,
Will be using the following target: 127.0.0.1:8000,,,,,,17146,,,,,,,,,,,,,,,,,,,,
Generated 500 tickets 100 times!,,,,,,17152,,,,,,,,,,,,,,,,,,,,
Created 500 tickets 100 times!,,,,,,17184,,,,,,,,,,,,,,,,,,,,
Command 'create-multiple' runtime:,,,,,,17185,,,,,,,,,,,,,,,,,,,,
Generation Time (ms): 94,,,,,,17191,,,,,,,,,,,,,,,,,,,,
Execution Time (ms): 17145,,,,17145,,17194,,,,,,,,,,,,,,,,,,,,
Will be using the following target: 127.0.0.1:8000,,,,,,17197,,,,,,,,,,,,,,,,,,,,
Generated 500 tickets 100 times!,,,,,,17229,,,,,,,,,,,,,,,,,,,,
Created 500 tickets 100 times!,,,,,,17234,,,,,,,,,,,,,,,,,,,,
Command 'create-multiple' runtime:,,,,,,17249,,,,,,,,,,,,,,,,,,,,
Generation Time (ms): 92,,,,,,17301,,,,,,,,,,,,,,,,,,,,
Execution Time (ms): 17234,,,,17234,,17305,,,,,,,,,,,,,,,,,,,,
Will be using the following target: 127.0.0.1:8000,,,,,,17323,,,,,,,,,,,,,,,,,,,,
Generated 500 tickets 100 times!,,,,,,17356,,,,,,,,,,,,,,,,,,,,
Created 500 tickets 100 times!,,,,,,,,,,,,,,,,,,,,,,,,,,
Command 'create-multiple' runtime:,,,,,,,,,,,,,,,,,,,,,,,,,,
Generation Time (ms): 98,,,,,,,,,,,,,,,,,,,,,,,,,,
Execution Time (ms): 17081,,,,17081,,,,,,,,,,,,,,,,,,,,,,
Will be using the following target: 127.0.0.1:8000,,,,,,,,,,,,,,,,,,,,,,,,,,
Generated 500 tickets 100 times!,,,,,,,,,,,,,,,,,,,,,,,,,,
Created 500 tickets 100 times!,,,,,,,,,,,,,,,,,,,,,,,,,,
Command 'create-multiple' runtime:,,,,,,,,,,,,,,,,,,,,,,,,,,
Generation Time (ms): 97,,,,,,,,,,,,,,,,,,,,,,,,,,
Execution Time (ms): 17185,,,,17185,,,,,,,,,,,,,,,,,,,,,,
Will be using the following target: 127.0.0.1:8000,,,,,,,,,,,,,,,,,,,,,,,,,,
Generated 500 tickets 100 times!,,,,,,,,,,,,,,,,,,,,,,,,,,
Created 500 tickets 100 times!,,,,,,,,,,,,,,,,,,,,,,,,,,
Command 'create-multiple' runtime:,,,,,,,,,,,,,,,,,,,,,,,,,,
Generation Time (ms): 98,,,,,,,,,,,,,,,,,,,,,,,,,,
Execution Time (ms): 17249,,,,17249,,,,,,,,,,,,,,,,,,,,,,
Will be using the following target: 127.0.0.1:8000,,,,,,,,,,,,,,,,,,,,,,,,,,
Generated 500 tickets 100 times!,,,,,,,,,,,,,,,,,,,,,,,,,,
Created 500 tickets 100 times!,,,,,,,,,,,,,,,,,,,,,,,,,,
Command 'create-multiple' runtime:,,,,,,,,,,,,,,,,,,,,,,,,,,
Generation Time (ms): 97,,,,,,,,,,,,,,,,,,,,,,,,,,
Execution Time (ms): 17184,,,,17184,,,,,,,,,,,,,,,,,,,,,,
Will be using the following target: 127.0.0.1:8000,,,,,,,,,,,,,,,,,,,,,,,,,,
Generated 500 tickets 100 times!,,,,,,,,,,,,,,,,,,,,,,,,,,
Created 500 tickets 100 times!,,,,,,,,,,,,,,,,,,,,,,,,,,
Command 'create-multiple' runtime:,,,,,,,,,,,,,,,,,,,,,,,,,,
Generation Time (ms): 92,,,,,,,,,,,,,,,,,,,,,,,,,,
Execution Time (ms): 17301,,,,17301,,,,,,,,,,,,,,,,,,,,,,
Will be using the following target: 127.0.0.1:8000,,,,,,,,,,,,,,,,,,,,,,,,,,
Generated 500 tickets 100 times!,,,,,,,,,,,,,,,,,,,,,,,,,,
Created 500 tickets 100 times!,,,,,,,,,,,,,,,,,,,,,,,,,,
Command 'create-multiple' runtime:,,,,,,,,,,,,,,,,,,,,,,,,,,
Generation Time (ms): 102,,,,,,,,,,,,,,,,,,,,,,,,,,
Execution Time (ms): 17131,,,,17131,,,,,,,,,,,,,,,,,,,,,,
Will be using the following target: 127.0.0.1:8000,,,,,,,,,,,,,,,,,,,,,,,,,,
Generated 500 tickets 100 times!,,,,,,,,,,,,,,,,,,,,,,,,,,
Created 500 tickets 100 times!,,,,,,,,,,,,,,,,,,,,,,,,,,
Command 'create-multiple' runtime:,,,,,,,,,,,,,,,,,,,,,,,,,,
Generation Time (ms): 93,,,,,,,,,,,,,,,,,,,,,,,,,,
Execution Time (ms): 17003,,,,17003,,,,,,,,,,,,,,,,,,,,,,
Will be using the following target: 127.0.0.1:8000,,,,,,,,,,,,,,,,,,,,,,,,,,
Generated 500 tickets 100 times!,,,,,,,,,,,,,,,,,,,,,,,,,,
Created 500 tickets 100 times!,,,,,,,,,,,,,,,,,,,,,,,,,,
Command 'create-multiple' runtime:,,,,,,,,,,,,,,,,,,,,,,,,,,
Generation Time (ms): 99,,,,,,,,,,,,,,,,,,,,,,,,,,
Execution Time (ms): 17191,,,,17191,,,,,,,,,,,,,,,,,,,,,,
Will be using the following target: 127.0.0.1:8000,,,,,,,,,,,,,,,,,,,,,,,,,,
Generated 500 tickets 100 times!,,,,,,,,,,,,,,,,,,,,,,,,,,
Created 500 tickets 100 times!,,,,,,,,,,,,,,,,,,,,,,,,,,
Command 'create-multiple' runtime:,,,,,,,,,,,,,,,,,,,,,,,,,,
Generation Time (ms): 95,,,,,,,,,,,,,,,,,,,,,,,,,,
Execution Time (ms): 17029,,,,17029,,,,,,,,,,,,,,,,,,,,,,
Will be using the following target: 127.0.0.1:8000,,,,,,,,,,,,,,,,,,,,,,,,,,
Generated 500 tickets 100 times!,,,,,,,,,,,,,,,,,,,,,,,,,,
Created 500 tickets 100 times!,,,,,,,,,,,,,,,,,,,,,,,,,,
Command 'create-multiple' runtime:,,,,,,,,,,,,,,,,,,,,,,,,,,
Generation Time (ms): 93,,,,,,,,,,,,,,,,,,,,,,,,,,
Execution Time (ms): 17012,,,,17012,,,,,,,,,,,,,,,,,,,,,,
Will be using the following target: 127.0.0.1:8000,,,,,,,,,,,,,,,,,,,,,,,,,,
Generated 500 tickets 100 times!,,,,,,,,,,,,,,,,,,,,,,,,,,
Created 500 tickets 100 times!,,,,,,,,,,,,,,,,,,,,,,,,,,
Command 'create-multiple' runtime:,,,,,,,,,,,,,,,,,,,,,,,,,,
Generation Time (ms): 102,,,,,,,,,,,,,,,,,,,,,,,,,,
Execution Time (ms): 17229,,,,17229,,,,,,,,,,,,,,,,,,,,,,
Will be using the following target: 127.0.0.1:8000,,,,,,,,,,,,,,,,,,,,,,,,,,
Generated 500 tickets 100 times!,,,,,,,,,,,,,,,,,,,,,,,,,,
Created 500 tickets 100 times!,,,,,,,,,,,,,,,,,,,,,,,,,,
Command 'create-multiple' runtime:,,,,,,,,,,,,,,,,,,,,,,,,,,
Generation Time (ms): 94,,,,,,,,,,,,,,,,,,,,,,,,,,
Execution Time (ms): 17194,,,,17194,,,,,,,,,,,,,,,,,,,,,,
Will be using the following target: 127.0.0.1:8000,,,,,,,,,,,,,,,,,,,,,,,,,,
Generated 500 tickets 100 times!,,,,,,,,,,,,,,,,,,,,,,,,,,
Created 500 tickets 100 times!,,,,,,,,,,,,,,,,,,,,,,,,,,
Command 'create-multiple' runtime:,,,,,,,,,,,,,,,,,,,,,,,,,,
Generation Time (ms): 94,,,,,,,,,,,,,,,,,,,,,,,,,,
Execution Time (ms): 17152,,,,17152,,,,,,,,,,,,,,,,,,,,,,
Will be using the following target: 127.0.0.1:8000,,,,,,,,,,,,,,,,,,,,,,,,,,
Generated 500 tickets 100 times!,,,,,,,,,,,,,,,,,,,,,,,,,,
Created 500 tickets 100 times!,,,,,,,,,,,,,,,,,,,,,,,,,,
Command 'create-multiple' runtime:,,,,,,,,,,,,,,,,,,,,,,,,,,
Generation Time (ms): 94,,,,,,,,,,,,,,,,,,,,,,,,,,
Execution Time (ms): 17356,,,,17356,,,,,,,,,,,,,,,,,,,,,,
Will be using the following target: 127.0.0.1:8000,,,,,,,,,,,,,,,,,,,,,,,,,,
Generated 500 tickets 100 times!,,,,,,,,,,,,,,,,,,,,,,,,,,
Created 500 tickets 100 times!,,,,,,,,,,,,,,,,,,,,,,,,,,
Command 'create-multiple' runtime:,,,,,,,,,,,,,,,,,,,,,,,,,,
Generation Time (ms): 102,,,,,,,,,,,,,,,,,,,,,,,,,,
Execution Time (ms): 17305,,,,17305,,,,,,,,,,,,,,,,,,,,,,
Will be using the following target: 127.0.0.1:8000,,,,,,,,,,,,,,,,,,,,,,,,,,
Generated 500 tickets 100 times!,,,,,,,,,,,,,,,,,,,,,,,,,,
Created 500 tickets 100 times!,,,,,,,,,,,,,,,,,,,,,,,,,,
Command 'create-multiple' runtime:,,,,,,,,,,,,,,,,,,,,,,,,,,
Generation Time (ms): 95,,,,,,,,,,,,,,,,,,,,,,,,,,
Execution Time (ms): 17146,,,,17146,,,,,,,,,,,,,,,,,,,,,,
Will be using the following target: 127.0.0.1:8000,,,,,,,,,,,,,,,,,,,,,,,,,,
Generated 500 tickets 100 times!,,,,,,,,,,,,,,,,,,,,,,,,,,
Created 500 tickets 100 times!,,,,,,,,,,,,,,,,,,,,,,,,,,
Command 'create-multiple' runtime:,,,,,,,,,,,,,,,,,,,,,,,,,,
Generation Time (ms): 101,,,,,,,,,,,,,,,,,,,,,,,,,,
Execution Time (ms): 17323,,,,17323,,,,,,,,,,,,,,,,,,,,,,
,,,,,,,,,,,,,,,,,,,,,,,,,,
,,,,,,,,,,,,,,,,,,,,,,,,,,
,,,,,,,,,,,,,,,,,,,,,,,,,,
,,,,,,,,,,,,,,,,,,,,,,,,,,
"./test_write.sh ""java -jar cli.jar create-multiple 500 200"" 20",,,,,,,,,,,,,,,,,,,,,,,,,,
Will be using the record layer library,,,,,,31392,31392,31819,31868,31882,31897,31916,31959,32031,32044,32056,32069,32093,32094,32095,32096,32096,32100,32115,32198,32205
Generated 500 tickets 200 times!,,,,,,31819,,,,,,,,,,,,,,,,,,,,
Created 500 tickets 200 times!,,,,,,31868,,,,,,,,,,,,,,,,,,,,
Command 'create-multiple' runtime:,,,,,,31882,,,,,,,,,,,,,,,,,,,,
Generation Time (ms): 155,,,,,,31897,,,,,,,,,,,,,,,,,,,,
Execution Time (ms): 31392,,,,31392,,31916,,,,,,,,,,,,,,,,,,,,
Will be using the record layer library,,,,,,31959,,,,,,,,,,,,,,,,,,,,
Generated 500 tickets 200 times!,,,,,,32031,,,,,,,,,,,,,,,,,,,,
Created 500 tickets 200 times!,,,,,,32044,,,,,,,,,,,,,,,,,,,,
Command 'create-multiple' runtime:,,,,,,32056,,,,,,,,,,,,,,,,,,,,
Generation Time (ms): 152,,,,,,32069,,,,,,,,,,,,,,,,,,,,
Execution Time (ms): 32031,,,,32031,,32093,,,,,,,,,,,,,,,,,,,,
Will be using the record layer library,,,,,,32094,,,,,,,,,,,,,,,,,,,,
Generated 500 tickets 200 times!,,,,,,32095,,,,,,,,,,,,,,,,,,,,
Created 500 tickets 200 times!,,,,,,32096,,,,,,,,,,,,,,,,,,,,
Command 'create-multiple' runtime:,,,,,,32096,,,,,,,,,,,,,,,,,,,,
Generation Time (ms): 149,,,,,,32100,,,,,,,,,,,,,,,,,,,,
Execution Time (ms): 32205,,,,32205,,32115,,,,,,,,,,,,,,,,,,,,
Will be using the record layer library,,,,,,32198,,,,,,,,,,,,,,,,,,,,
Generated 500 tickets 200 times!,,,,,,32205,,,,,,,,,,,,,,,,,,,,
Created 500 tickets 200 times!,,,,,,,,,,,,,,,,,,,,,,,,,,
Command 'create-multiple' runtime:,,,,,,,,,,,,,,,,,,,,,,,,,,
Generation Time (ms): 147,,,,,,,,,,,,,,,,,,,,,,,,,,
Execution Time (ms): 31819,,,,31819,,,,,,,,,,,,,,,,,,,,,,
Will be using the record layer library,,,,,,,,,,,,,,,,,,,,,,,,,,
Generated 500 tickets 200 times!,,,,,,,,,,,,,,,,,,,,,,,,,,
Created 500 tickets 200 times!,,,,,,,,,,,,,,,,,,,,,,,,,,
Command 'create-multiple' runtime:,,,,,,,,,,,,,,,,,,,,,,,,,,
Generation Time (ms): 149,,,,,,,,,,,,,,,,,,,,,,,,,,
Execution Time (ms): 32096,,,,32096,,,,,,,,,,,,,,,,,,,,,,
Will be using the record layer library,,,,,,,,,,,,,,,,,,,,,,,,,,
Generated 500 tickets 200 times!,,,,,,,,,,,,,,,,,,,,,,,,,,
Created 500 tickets 200 times!,,,,,,,,,,,,,,,,,,,,,,,,,,
Command 'create-multiple' runtime:,,,,,,,,,,,,,,,,,,,,,,,,,,
Generation Time (ms): 153,,,,,,,,,,,,,,,,,,,,,,,,,,
Execution Time (ms): 32095,,,,32095,,,,,,,,,,,,,,,,,,,,,,
Will be using the record layer library,,,,,,,,,,,,,,,,,,,,,,,,,,
Generated 500 tickets 200 times!,,,,,,,,,,,,,,,,,,,,,,,,,,
Created 500 tickets 200 times!,,,,,,,,,,,,,,,,,,,,,,,,,,
Command 'create-multiple' runtime:,,,,,,,,,,,,,,,,,,,,,,,,,,
Generation Time (ms): 152,,,,,,,,,,,,,,,,,,,,,,,,,,
Execution Time (ms): 32069,,,,32069,,,,,,,,,,,,,,,,,,,,,,
Will be using the record layer library,,,,,,,,,,,,,,,,,,,,,,,,,,
Generated 500 tickets 200 times!,,,,,,,,,,,,,,,,,,,,,,,,,,
Created 500 tickets 200 times!,,,,,,,,,,,,,,,,,,,,,,,,,,
Command 'create-multiple' runtime:,,,,,,,,,,,,,,,,,,,,,,,,,,
Generation Time (ms): 143,,,,,,,,,,,,,,,,,,,,,,,,,,
Execution Time (ms): 31897,,,,31897,,,,,,,,,,,,,,,,,,,,,,
Will be using the record layer library,,,,,,,,,,,,,,,,,,,,,,,,,,
Generated 500 tickets 200 times!,,,,,,,,,,,,,,,,,,,,,,,,,,
Created 500 tickets 200 times!,,,,,,,,,,,,,,,,,,,,,,,,,,
Command 'create-multiple' runtime:,,,,,,,,,,,,,,,,,,,,,,,,,,
Generation Time (ms): 143,,,,,,,,,,,,,,,,,,,,,,,,,,
Execution Time (ms): 32115,,,,32115,,,,,,,,,,,,,,,,,,,,,,
Will be using the record layer library,,,,,,,,,,,,,,,,,,,,,,,,,,
Generated 500 tickets 200 times!,,,,,,,,,,,,,,,,,,,,,,,,,,
Created 500 tickets 200 times!,,,,,,,,,,,,,,,,,,,,,,,,,,
Command 'create-multiple' runtime:,,,,,,,,,,,,,,,,,,,,,,,,,,
Generation Time (ms): 152,,,,,,,,,,,,,,,,,,,,,,,,,,
Execution Time (ms): 31882,,,,31882,,,,,,,,,,,,,,,,,,,,,,
Will be using the record layer library,,,,,,,,,,,,,,,,,,,,,,,,,,
Generated 500 tickets 200 times!,,,,,,,,,,,,,,,,,,,,,,,,,,
Created 500 tickets 200 times!,,,,,,,,,,,,,,,,,,,,,,,,,,
Command 'create-multiple' runtime:,,,,,,,,,,,,,,,,,,,,,,,,,,
Generation Time (ms): 147,,,,,,,,,,,,,,,,,,,,,,,,,,
Execution Time (ms): 32056,,,,32056,,,,,,,,,,,,,,,,,,,,,,
Will be using the record layer library,,,,,,,,,,,,,,,,,,,,,,,,,,
Generated 500 tickets 200 times!,,,,,,,,,,,,,,,,,,,,,,,,,,
Created 500 tickets 200 times!,,,,,,,,,,,,,,,,,,,,,,,,,,
Command 'create-multiple' runtime:,,,,,,,,,,,,,,,,,,,,,,,,,,
Generation Time (ms): 149,,,,,,,,,,,,,,,,,,,,,,,,,,
Execution Time (ms): 31868,,,,31868,,,,,,,,,,,,,,,,,,,,,,
Will be using the record layer library,,,,,,,,,,,,,,,,,,,,,,,,,,
Generated 500 tickets 200 times!,,,,,,,,,,,,,,,,,,,,,,,,,,
Created 500 tickets 200 times!,,,,,,,,,,,,,,,,,,,,,,,,,,
Command 'create-multiple' runtime:,,,,,,,,,,,,,,,,,,,,,,,,,,
Generation Time (ms): 149,,,,,,,,,,,,,,,,,,,,,,,,,,
Execution Time (ms): 32096,,,,32096,,,,,,,,,,,,,,,,,,,,,,
Will be using the record layer library,,,,,,,,,,,,,,,,,,,,,,,,,,
Generated 500 tickets 200 times!,,,,,,,,,,,,,,,,,,,,,,,,,,
Created 500 tickets 200 times!,,,,,,,,,,,,,,,,,,,,,,,,,,
Command 'create-multiple' runtime:,,,,,,,,,,,,,,,,,,,,,,,,,,
Generation Time (ms): 147,,,,,,,,,,,,,,,,,,,,,,,,,,
Execution Time (ms): 32198,,,,32198,,,,,,,,,,,,,,,,,,,,,,
Will be using the record layer library,,,,,,,,,,,,,,,,,,,,,,,,,,
Generated 500 tickets 200 times!,,,,,,,,,,,,,,,,,,,,,,,,,,
Created 500 tickets 200 times!,,,,,,,,,,,,,,,,,,,,,,,,,,
Command 'create-multiple' runtime:,,,,,,,,,,,,,,,,,,,,,,,,,,
Generation Time (ms): 143,,,,,,,,,,,,,,,,,,,,,,,,,,
Execution Time (ms): 32100,,,,32100,,,,,,,,,,,,,,,,,,,,,,
Will be using the record layer library,,,,,,,,,,,,,,,,,,,,,,,,,,
Generated 500 tickets 200 times!,,,,,,,,,,,,,,,,,,,,,,,,,,
Created 500 tickets 200 times!,,,,,,,,,,,,,,,,,,,,,,,,,,
Command 'create-multiple' runtime:,,,,,,,,,,,,,,,,,,,,,,,,,,
Generation Time (ms): 144,,,,,,,,,,,,,,,,,,,,,,,,,,
Execution Time (ms): 32093,,,,32093,,,,,,,,,,,,,,,,,,,,,,
Will be using the record layer library,,,,,,,,,,,,,,,,,,,,,,,,,,
Generated 500 tickets 200 times!,,,,,,,,,,,,,,,,,,,,,,,,,,
Created 500 tickets 200 times!,,,,,,,,,,,,,,,,,,,,,,,,,,
Command 'create-multiple' runtime:,,,,,,,,,,,,,,,,,,,,,,,,,,
Generation Time (ms): 147,,,,,,,,,,,,,,,,,,,,,,,,,,
Execution Time (ms): 32044,,,,32044,,,,,,,,,,,,,,,,,,,,,,
Will be using the record layer library,,,,,,,,,,,,,,,,,,,,,,,,,,
Generated 500 tickets 200 times!,,,,,,,,,,,,,,,,,,,,,,,,,,
Created 500 tickets 200 times!,,,,,,,,,,,,,,,,,,,,,,,,,,
Command 'create-multiple' runtime:,,,,,,,,,,,,,,,,,,,,,,,,,,
Generation Time (ms): 153,,,,,,,,,,,,,,,,,,,,,,,,,,
Execution Time (ms): 31959,,,,31959,,,,,,,,,,,,,,,,,,,,,,
Will be using the record layer library,,,,,,,,,,,,,,,,,,,,,,,,,,
Generated 500 tickets 200 times!,,,,,,,,,,,,,,,,,,,,,,,,,,
Created 500 tickets 200 times!,,,,,,,,,,,,,,,,,,,,,,,,,,
Command 'create-multiple' runtime:,,,,,,,,,,,,,,,,,,,,,,,,,,
Generation Time (ms): 152,,,,,,,,,,,,,,,,,,,,,,,,,,
Execution Time (ms): 32094,,,,32094,,,,,,,,,,,,,,,,,,,,,,
Will be using the record layer library,,,,,,,,,,,,,,,,,,,,,,,,,,
Generated 500 tickets 200 times!,,,,,,,,,,,,,,,,,,,,,,,,,,
Created 500 tickets 200 times!,,,,,,,,,,,,,,,,,,,,,,,,,,
Command 'create-multiple' runtime:,,,,,,,,,,,,,,,,,,,,,,,,,,
Generation Time (ms): 151,,,,,,,,,,,,,,,,,,,,,,,,,,
Execution Time (ms): 31916,,,,31916,,,,,,,,,,,,,,,,,,,,,,
,,,,,,,,,,,,,,,,,,,,,,,,,,
,,,,,,,,,,,,,,,,,,,,,,,,,,
,,,,,,,,,,,,,,,,,,,,,,,,,,
"./test_write.sh ""java -jar proxyCli.jar 127.0.0.1 8000 create-multiple 500 200"" 20",,,,,,,,,,,,,,,,,,,,,,,,,,
Will be using the following target: 127.0.0.1:8000,,,,,,32025,32025,32207,32222,32239,32440,32543,32559,32697,32699,32750,32764,32788,32838,32879,32879,32957,33044,33087,33154,33227
Generated 500 tickets 200 times!,,,,,,32207,,,,,,,,,,,,,,,,,,,,
Created 500 tickets 200 times!,,,,,,32222,,,,,,,,,,,,,,,,,,,,
Command 'create-multiple' runtime:,,,,,,32239,,,,,,,,,,,,,,,,,,,,
Generation Time (ms): 149,,,,,,32440,,,,,,,,,,,,,,,,,,,,
Execution Time (ms): 32838,,,,32838,,32543,,,,,,,,,,,,,,,,,,,,
Will be using the following target: 127.0.0.1:8000,,,,,,32559,,,,,,,,,,,,,,,,,,,,
Generated 500 tickets 200 times!,,,,,,32697,,,,,,,,,,,,,,,,,,,,
Created 500 tickets 200 times!,,,,,,32699,,,,,,,,,,,,,,,,,,,,
Command 'create-multiple' runtime:,,,,,,32750,,,,,,,,,,,,,,,,,,,,
Generation Time (ms): 144,,,,,,32764,,,,,,,,,,,,,,,,,,,,
Execution Time (ms): 32543,,,,32543,,32788,,,,,,,,,,,,,,,,,,,,
Will be using the following target: 127.0.0.1:8000,,,,,,32838,,,,,,,,,,,,,,,,,,,,
Generated 500 tickets 200 times!,,,,,,32879,,,,,,,,,,,,,,,,,,,,
Created 500 tickets 200 times!,,,,,,32879,,,,,,,,,,,,,,,,,,,,
Command 'create-multiple' runtime:,,,,,,32957,,,,,,,,,,,,,,,,,,,,
Generation Time (ms): 147,,,,,,33044,,,,,,,,,,,,,,,,,,,,
Execution Time (ms): 32879,,,,32879,,33087,,,,,,,,,,,,,,,,,,,,
Will be using the following target: 127.0.0.1:8000,,,,,,33154,,,,,,,,,,,,,,,,,,,,
Generated 500 tickets 200 times!,,,,,,33227,,,,,,,,,,,,,,,,,,,,
Created 500 tickets 200 times!,,,,,,,,,,,,,,,,,,,,,,,,,,
Command 'create-multiple' runtime:,,,,,,,,,,,,,,,,,,,,,,,,,,
Generation Time (ms): 149,,,,,,,,,,,,,,,,,,,,,,,,,,
Execution Time (ms): 32957,,,,32957,,,,,,,,,,,,,,,,,,,,,,
Will be using the following target: 127.0.0.1:8000,,,,,,,,,,,,,,,,,,,,,,,,,,
Generated 500 tickets 200 times!,,,,,,,,,,,,,,,,,,,,,,,,,,
Created 500 tickets 200 times!,,,,,,,,,,,,,,,,,,,,,,,,,,
Command 'create-multiple' runtime:,,,,,,,,,,,,,,,,,,,,,,,,,,
Generation Time (ms): 152,,,,,,,,,,,,,,,,,,,,,,,,,,
Execution Time (ms): 32879,,,,32879,,,,,,,,,,,,,,,,,,,,,,
Will be using the following target: 127.0.0.1:8000,,,,,,,,,,,,,,,,,,,,,,,,,,
Generated 500 tickets 200 times!,,,,,,,,,,,,,,,,,,,,,,,,,,
Created 500 tickets 200 times!,,,,,,,,,,,,,,,,,,,,,,,,,,
Command 'create-multiple' runtime:,,,,,,,,,,,,,,,,,,,,,,,,,,
Generation Time (ms): 150,,,,,,,,,,,,,,,,,,,,,,,,,,
Execution Time (ms): 33087,,,,33087,,,,,,,,,,,,,,,,,,,,,,
Will be using the following target: 127.0.0.1:8000,,,,,,,,,,,,,,,,,,,,,,,,,,
Generated 500 tickets 200 times!,,,,,,,,,,,,,,,,,,,,,,,,,,
Created 500 tickets 200 times!,,,,,,,,,,,,,,,,,,,,,,,,,,
Command 'create-multiple' runtime:,,,,,,,,,,,,,,,,,,,,,,,,,,
Generation Time (ms): 146,,,,,,,,,,,,,,,,,,,,,,,,,,
Execution Time (ms): 32788,,,,32788,,,,,,,,,,,,,,,,,,,,,,
Will be using the following target: 127.0.0.1:8000,,,,,,,,,,,,,,,,,,,,,,,,,,
Generated 500 tickets 200 times!,,,,,,,,,,,,,,,,,,,,,,,,,,
Created 500 tickets 200 times!,,,,,,,,,,,,,,,,,,,,,,,,,,
Command 'create-multiple' runtime:,,,,,,,,,,,,,,,,,,,,,,,,,,
Generation Time (ms): 148,,,,,,,,,,,,,,,,,,,,,,,,,,
Execution Time (ms): 32764,,,,32764,,,,,,,,,,,,,,,,,,,,,,
Will be using the following target: 127.0.0.1:8000,,,,,,,,,,,,,,,,,,,,,,,,,,
Generated 500 tickets 200 times!,,,,,,,,,,,,,,,,,,,,,,,,,,
Created 500 tickets 200 times!,,,,,,,,,,,,,,,,,,,,,,,,,,
Command 'create-multiple' runtime:,,,,,,,,,,,,,,,,,,,,,,,,,,
Generation Time (ms): 149,,,,,,,,,,,,,,,,,,,,,,,,,,
Execution Time (ms): 32750,,,,32750,,,,,,,,,,,,,,,,,,,,,,
Will be using the following target: 127.0.0.1:8000,,,,,,,,,,,,,,,,,,,,,,,,,,
Generated 500 tickets 200 times!,,,,,,,,,,,,,,,,,,,,,,,,,,
Created 500 tickets 200 times!,,,,,,,,,,,,,,,,,,,,,,,,,,
Command 'create-multiple' runtime:,,,,,,,,,,,,,,,,,,,,,,,,,,
Generation Time (ms): 144,,,,,,,,,,,,,,,,,,,,,,,,,,
Execution Time (ms): 32239,,,,32239,,,,,,,,,,,,,,,,,,,,,,
Will be using the following target: 127.0.0.1:8000,,,,,,,,,,,,,,,,,,,,,,,,,,
Generated 500 tickets 200 times!,,,,,,,,,,,,,,,,,,,,,,,,,,
Created 500 tickets 200 times!,,,,,,,,,,,,,,,,,,,,,,,,,,
Command 'create-multiple' runtime:,,,,,,,,,,,,,,,,,,,,,,,,,,
Generation Time (ms): 146,,,,,,,,,,,,,,,,,,,,,,,,,,
Execution Time (ms): 32440,,,,32440,,,,,,,,,,,,,,,,,,,,,,
Will be using the following target: 127.0.0.1:8000,,,,,,,,,,,,,,,,,,,,,,,,,,
Generated 500 tickets 200 times!,,,,,,,,,,,,,,,,,,,,,,,,,,
Created 500 tickets 200 times!,,,,,,,,,,,,,,,,,,,,,,,,,,
Command 'create-multiple' runtime:,,,,,,,,,,,,,,,,,,,,,,,,,,
Generation Time (ms): 149,,,,,,,,,,,,,,,,,,,,,,,,,,
Execution Time (ms): 32699,,,,32699,,,,,,,,,,,,,,,,,,,,,,
Will be using the following target: 127.0.0.1:8000,,,,,,,,,,,,,,,,,,,,,,,,,,
Generated 500 tickets 200 times!,,,,,,,,,,,,,,,,,,,,,,,,,,
Created 500 tickets 200 times!,,,,,,,,,,,,,,,,,,,,,,,,,,
Command 'create-multiple' runtime:,,,,,,,,,,,,,,,,,,,,,,,,,,
Generation Time (ms): 149,,,,,,,,,,,,,,,,,,,,,,,,,,
Execution Time (ms): 32559,,,,32559,,,,,,,,,,,,,,,,,,,,,,
Will be using the following target: 127.0.0.1:8000,,,,,,,,,,,,,,,,,,,,,,,,,,
Generated 500 tickets 200 times!,,,,,,,,,,,,,,,,,,,,,,,,,,
Created 500 tickets 200 times!,,,,,,,,,,,,,,,,,,,,,,,,,,
Command 'create-multiple' runtime:,,,,,,,,,,,,,,,,,,,,,,,,,,
Generation Time (ms): 155,,,,,,,,,,,,,,,,,,,,,,,,,,
Execution Time (ms): 33044,,,,33044,,,,,,,,,,,,,,,,,,,,,,
Will be using the following target: 127.0.0.1:8000,,,,,,,,,,,,,,,,,,,,,,,,,,
Generated 500 tickets 200 times!,,,,,,,,,,,,,,,,,,,,,,,,,,
Created 500 tickets 200 times!,,,,,,,,,,,,,,,,,,,,,,,,,,
Command 'create-multiple' runtime:,,,,,,,,,,,,,,,,,,,,,,,,,,
Generation Time (ms): 150,,,,,,,,,,,,,,,,,,,,,,,,,,
Execution Time (ms): 32697,,,,32697,,,,,,,,,,,,,,,,,,,,,,
Will be using the following target: 127.0.0.1:8000,,,,,,,,,,,,,,,,,,,,,,,,,,
Generated 500 tickets 200 times!,,,,,,,,,,,,,,,,,,,,,,,,,,
Created 500 tickets 200 times!,,,,,,,,,,,,,,,,,,,,,,,,,,
Command 'create-multiple' runtime:,,,,,,,,,,,,,,,,,,,,,,,,,,
Generation Time (ms): 152,,,,,,,,,,,,,,,,,,,,,,,,,,
Execution Time (ms): 32207,,,,32207,,,,,,,,,,,,,,,,,,,,,,
Will be using the following target: 127.0.0.1:8000,,,,,,,,,,,,,,,,,,,,,,,,,,
Generated 500 tickets 200 times!,,,,,,,,,,,,,,,,,,,,,,,,,,
Created 500 tickets 200 times!,,,,,,,,,,,,,,,,,,,,,,,,,,
Command 'create-multiple' runtime:,,,,,,,,,,,,,,,,,,,,,,,,,,
Generation Time (ms): 142,,,,,,,,,,,,,,,,,,,,,,,,,,
Execution Time (ms): 32025,,,,32025,,,,,,,,,,,,,,,,,,,,,,
Will be using the following target: 127.0.0.1:8000,,,,,,,,,,,,,,,,,,,,,,,,,,
Generated 500 tickets 200 times!,,,,,,,,,,,,,,,,,,,,,,,,,,
Created 500 tickets 200 times!,,,,,,,,,,,,,,,,,,,,,,,,,,
Command 'create-multiple' runtime:,,,,,,,,,,,,,,,,,,,,,,,,,,
Generation Time (ms): 153,,,,,,,,,,,,,,,,,,,,,,,,,,
Execution Time (ms): 32222,,,,32222,,,,,,,,,,,,,,,,,,,,,,
Will be using the following target: 127.0.0.1:8000,,,,,,,,,,,,,,,,,,,,,,,,,,
Generated 500 tickets 200 times!,,,,,,,,,,,,,,,,,,,,,,,,,,
Created 500 tickets 200 times!,,,,,,,,,,,,,,,,,,,,,,,,,,
Command 'create-multiple' runtime:,,,,,,,,,,,,,,,,,,,,,,,,,,
Generation Time (ms): 150,,,,,,,,,,,,,,,,,,,,,,,,,,
Execution Time (ms): 33227,,,,33227,,,,,,,,,,,,,,,,,,,,,,
Will be using the following target: 127.0.0.1:8000,,,,,,,,,,,,,,,,,,,,,,,,,,
Generated 500 tickets 200 times!,,,,,,,,,,,,,,,,,,,,,,,,,,
Created 500 tickets 200 times!,,,,,,,,,,,,,,,,,,,,,,,,,,
Command 'create-multiple' runtime:,,,,,,,,,,,,,,,,,,,,,,,,,,
Generation Time (ms): 152,,,,,,,,,,,,,,,,,,,,,,,,,,
Execution Time (ms): 33154,,,,33154,,,,,,,,,,,,,,,,,,,,,,
,,,,,,,,,,,,,,,,,,,,,,,,,,
,,,,,,,,,,,,,,,,,,,,,,,,,,
,,,,,,,,,,,,,,,,,,,,,,,,,,
"./test_write.sh ""java -jar cli.jar create-multiple 500 400"" 20",,,,,,,,,,,,,,,,,,,,,,,,,,
Will be using the record layer library,,,,,,60936,60936,61214,61251,61370,61614,61817,61858,61863,61925,61972,62036,62183,62214,62218,62236,62238,62278,62431,62446,62486
Generated 500 tickets 400 times!,,,,,,61214,,,,,,,,,,,,,,,,,,,,
Created 500 tickets 400 times!,,,,,,61251,,,,,,,,,,,,,,,,,,,,
Command 'create-multiple' runtime:,,,,,,61370,,,,,,,,,,,,,,,,,,,,
Generation Time (ms): 258,,,,,,61614,,,,,,,,,,,,,,,,,,,,
Execution Time (ms): 61817,,,,61817,,61817,,,,,,,,,,,,,,,,,,,,
Will be using the record layer library,,,,,,61858,,,,,,,,,,,,,,,,,,,,
Generated 500 tickets 400 times!,,,,,,61863,,,,,,,,,,,,,,,,,,,,
Created 500 tickets 400 times!,,,,,,61925,,,,,,,,,,,,,,,,,,,,
Command 'create-multiple' runtime:,,,,,,61972,,,,,,,,,,,,,,,,,,,,
Generation Time (ms): 245,,,,,,62036,,,,,,,,,,,,,,,,,,,,
Execution Time (ms): 61925,,,,61925,,62183,,,,,,,,,,,,,,,,,,,,
Will be using the record layer library,,,,,,62214,,,,,,,,,,,,,,,,,,,,
Generated 500 tickets 400 times!,,,,,,62218,,,,,,,,,,,,,,,,,,,,
Created 500 tickets 400 times!,,,,,,62236,,,,,,,,,,,,,,,,,,,,
Command 'create-multiple' runtime:,,,,,,62238,,,,,,,,,,,,,,,,,,,,
Generation Time (ms): 244,,,,,,62278,,,,,,,,,,,,,,,,,,,,
Execution Time (ms): 62278,,,,62278,,62431,,,,,,,,,,,,,,,,,,,,
Will be using the record layer library,,,,,,62446,,,,,,,,,,,,,,,,,,,,
Generated 500 tickets 400 times!,,,,,,62486,,,,,,,,,,,,,,,,,,,,
Created 500 tickets 400 times!,,,,,,,,,,,,,,,,,,,,,,,,,,
Command 'create-multiple' runtime:,,,,,,,,,,,,,,,,,,,,,,,,,,
Generation Time (ms): 248,,,,,,,,,,,,,,,,,,,,,,,,,,
Execution Time (ms): 62446,,,,62446,,,,,,,,,,,,,,,,,,,,,,
Will be using the record layer library,,,,,,,,,,,,,,,,,,,,,,,,,,
Generated 500 tickets 400 times!,,,,,,,,,,,,,,,,,,,,,,,,,,
Created 500 tickets 400 times!,,,,,,,,,,,,,,,,,,,,,,,,,,
Command 'create-multiple' runtime:,,,,,,,,,,,,,,,,,,,,,,,,,,
Generation Time (ms): 264,,,,,,,,,,,,,,,,,,,,,,,,,,
Execution Time (ms): 61863,,,,61863,,,,,,,,,,,,,,,,,,,,,,
Will be using the record layer library,,,,,,,,,,,,,,,,,,,,,,,,,,
Generated 500 tickets 400 times!,,,,,,,,,,,,,,,,,,,,,,,,,,
Created 500 tickets 400 times!,,,,,,,,,,,,,,,,,,,,,,,,,,
Command 'create-multiple' runtime:,,,,,,,,,,,,,,,,,,,,,,,,,,
Generation Time (ms): 251,,,,,,,,,,,,,,,,,,,,,,,,,,
Execution Time (ms): 62214,,,,62214,,,,,,,,,,,,,,,,,,,,,,
Will be using the record layer library,,,,,,,,,,,,,,,,,,,,,,,,,,
Generated 500 tickets 400 times!,,,,,,,,,,,,,,,,,,,,,,,,,,
Created 500 tickets 400 times!,,,,,,,,,,,,,,,,,,,,,,,,,,
Command 'create-multiple' runtime:,,,,,,,,,,,,,,,,,,,,,,,,,,
Generation Time (ms): 244,,,,,,,,,,,,,,,,,,,,,,,,,,
Execution Time (ms): 62218,,,,62218,,,,,,,,,,,,,,,,,,,,,,
Will be using the record layer library,,,,,,,,,,,,,,,,,,,,,,,,,,
Generated 500 tickets 400 times!,,,,,,,,,,,,,,,,,,,,,,,,,,
Created 500 tickets 400 times!,,,,,,,,,,,,,,,,,,,,,,,,,,
Command 'create-multiple' runtime:,,,,,,,,,,,,,,,,,,,,,,,,,,
Generation Time (ms): 245,,,,,,,,,,,,,,,,,,,,,,,,,,
Execution Time (ms): 62431,,,,62431,,,,,,,,,,,,,,,,,,,,,,
Will be using the record layer library,,,,,,,,,,,,,,,,,,,,,,,,,,
Generated 500 tickets 400 times!,,,,,,,,,,,,,,,,,,,,,,,,,,
Created 500 tickets 400 times!,,,,,,,,,,,,,,,,,,,,,,,,,,
Command 'create-multiple' runtime:,,,,,,,,,,,,,,,,,,,,,,,,,,
Generation Time (ms): 246,,,,,,,,,,,,,,,,,,,,,,,,,,
Execution Time (ms): 62236,,,,62236,,,,,,,,,,,,,,,,,,,,,,
Will be using the record layer library,,,,,,,,,,,,,,,,,,,,,,,,,,
Generated 500 tickets 400 times!,,,,,,,,,,,,,,,,,,,,,,,,,,
Created 500 tickets 400 times!,,,,,,,,,,,,,,,,,,,,,,,,,,
Command 'create-multiple' runtime:,,,,,,,,,,,,,,,,,,,,,,,,,,
Generation Time (ms): 253,,,,,,,,,,,,,,,,,,,,,,,,,,
Execution Time (ms): 61858,,,,61858,,,,,,,,,,,,,,,,,,,,,,
Will be using the record layer library,,,,,,,,,,,,,,,,,,,,,,,,,,
Generated 500 tickets 400 times!,,,,,,,,,,,,,,,,,,,,,,,,,,
Created 500 tickets 400 times!,,,,,,,,,,,,,,,,,,,,,,,,,,
Command 'create-multiple' runtime:,,,,,,,,,,,,,,,,,,,,,,,,,,
Generation Time (ms): 237,,,,,,,,,,,,,,,,,,,,,,,,,,
Execution Time (ms): 62183,,,,62183,,,,,,,,,,,,,,,,,,,,,,
Will be using the record layer library,,,,,,,,,,,,,,,,,,,,,,,,,,
Generated 500 tickets 400 times!,,,,,,,,,,,,,,,,,,,,,,,,,,
Created 500 tickets 400 times!,,,,,,,,,,,,,,,,,,,,,,,,,,
Command 'create-multiple' runtime:,,,,,,,,,,,,,,,,,,,,,,,,,,
Generation Time (ms): 261,,,,,,,,,,,,,,,,,,,,,,,,,,
Execution Time (ms): 61614,,,,61614,,,,,,,,,,,,,,,,,,,,,,
Will be using the record layer library,,,,,,,,,,,,,,,,,,,,,,,,,,
Generated 500 tickets 400 times!,,,,,,,,,,,,,,,,,,,,,,,,,,
Created 500 tickets 400 times!,,,,,,,,,,,,,,,,,,,,,,,,,,
Command 'create-multiple' runtime:,,,,,,,,,,,,,,,,,,,,,,,,,,
Generation Time (ms): 257,,,,,,,,,,,,,,,,,,,,,,,,,,
Execution Time (ms): 60936,,,,60936,,,,,,,,,,,,,,,,,,,,,,
Will be using the record layer library,,,,,,,,,,,,,,,,,,,,,,,,,,
Generated 500 tickets 400 times!,,,,,,,,,,,,,,,,,,,,,,,,,,
Created 500 tickets 400 times!,,,,,,,,,,,,,,,,,,,,,,,,,,
Command 'create-multiple' runtime:,,,,,,,,,,,,,,,,,,,,,,,,,,
Generation Time (ms): 257,,,,,,,,,,,,,,,,,,,,,,,,,,
Execution Time (ms): 61214,,,,61214,,,,,,,,,,,,,,,,,,,,,,
Will be using the record layer library,,,,,,,,,,,,,,,,,,,,,,,,,,
Generated 500 tickets 400 times!,,,,,,,,,,,,,,,,,,,,,,,,,,
Created 500 tickets 400 times!,,,,,,,,,,,,,,,,,,,,,,,,,,
Command 'create-multiple' runtime:,,,,,,,,,,,,,,,,,,,,,,,,,,
Generation Time (ms): 260,,,,,,,,,,,,,,,,,,,,,,,,,,
Execution Time (ms): 62036,,,,62036,,,,,,,,,,,,,,,,,,,,,,
Will be using the record layer library,,,,,,,,,,,,,,,,,,,,,,,,,,
Generated 500 tickets 400 times!,,,,,,,,,,,,,,,,,,,,,,,,,,
Created 500 tickets 400 times!,,,,,,,,,,,,,,,,,,,,,,,,,,
Command 'create-multiple' runtime:,,,,,,,,,,,,,,,,,,,,,,,,,,
Generation Time (ms): 250,,,,,,,,,,,,,,,,,,,,,,,,,,
Execution Time (ms): 62486,,,,62486,,,,,,,,,,,,,,,,,,,,,,
Will be using the record layer library,,,,,,,,,,,,,,,,,,,,,,,,,,
Generated 500 tickets 400 times!,,,,,,,,,,,,,,,,,,,,,,,,,,
Created 500 tickets 400 times!,,,,,,,,,,,,,,,,,,,,,,,,,,
Command 'create-multiple' runtime:,,,,,,,,,,,,,,,,,,,,,,,,,,
Generation Time (ms): 251,,,,,,,,,,,,,,,,,,,,,,,,,,
Execution Time (ms): 61251,,,,61251,,,,,,,,,,,,,,,,,,,,,,
Will be using the record layer library,,,,,,,,,,,,,,,,,,,,,,,,,,
Generated 500 tickets 400 times!,,,,,,,,,,,,,,,,,,,,,,,,,,
Created 500 tickets 400 times!,,,,,,,,,,,,,,,,,,,,,,,,,,
Command 'create-multiple' runtime:,,,,,,,,,,,,,,,,,,,,,,,,,,
Generation Time (ms): 254,,,,,,,,,,,,,,,,,,,,,,,,,,
Execution Time (ms): 61972,,,,61972,,,,,,,,,,,,,,,,,,,,,,
Will be using the record layer library,,,,,,,,,,,,,,,,,,,,,,,,,,
Generated 500 tickets 400 times!,,,,,,,,,,,,,,,,,,,,,,,,,,
Created 500 tickets 400 times!,,,,,,,,,,,,,,,,,,,,,,,,,,
Command 'create-multiple' runtime:,,,,,,,,,,,,,,,,,,,,,,,,,,
Generation Time (ms): 247,,,,,,,,,,,,,,,,,,,,,,,,,,
Execution Time (ms): 61370,,,,61370,,,,,,,,,,,,,,,,,,,,,,
Will be using the record layer library,,,,,,,,,,,,,,,,,,,,,,,,,,
Generated 500 tickets 400 times!,,,,,,,,,,,,,,,,,,,,,,,,,,
Created 500 tickets 400 times!,,,,,,,,,,,,,,,,,,,,,,,,,,
Command 'create-multiple' runtime:,,,,,,,,,,,,,,,,,,,,,,,,,,
Generation Time (ms): 255,,,,,,,,,,,,,,,,,,,,,,,,,,
Execution Time (ms): 62238,,,,62238,,,,,,,,,,,,,,,,,,,,,,
,,,,,,,,,,,,,,,,,,,,,,,,,,
,,,,,,,,,,,,,,,,,,,,,,,,,,
,,,,,,,,,,,,,,,,,,,,,,,,,,
,,,,,,,,,,,,,,,,,,,,,,,,,,
"./test_write.sh ""java -jar proxyCli.jar 127.0.0.1 8000 create-multiple 500 400"" 20",,,,,,,,,,,,,,,,,,,,,,,,,,
Will be using the following target: 127.0.0.1:8000,,,,,,61601,61601,61908,62152,62338,62436,62871,63155,63299,63300,63324,63419,63441,63538,63589,63615,63640,63921,67450,68178,69400
Generated 500 tickets 400 times!,,,,,,61908,,,,,,,,,,,,,,,,,,,,
Created 500 tickets 400 times!,,,,,,62152,,,,,,,,,,,,,,,,,,,,
Command 'create-multiple' runtime:,,,,,,62338,,,,,,,,,,,,,,,,,,,,
Generation Time (ms): 256,,,,,,62436,,,,,,,,,,,,,,,,,,,,
Execution Time (ms): 62152,,,,62152,,62871,,,,,,,,,,,,,,,,,,,,
Will be using the following target: 127.0.0.1:8000,,,,,,63155,,,,,,,,,,,,,,,,,,,,
Generated 500 tickets 400 times!,,,,,,63299,,,,,,,,,,,,,,,,,,,,
Created 500 tickets 400 times!,,,,,,63300,,,,,,,,,,,,,,,,,,,,
Command 'create-multiple' runtime:,,,,,,63324,,,,,,,,,,,,,,,,,,,,
Generation Time (ms): 253,,,,,,63419,,,,,,,,,,,,,,,,,,,,
Execution Time (ms): 63155,,,,63155,,63441,,,,,,,,,,,,,,,,,,,,
Will be using the following target: 127.0.0.1:8000,,,,,,63538,,,,,,,,,,,,,,,,,,,,
Generated 500 tickets 400 times!,,,,,,63589,,,,,,,,,,,,,,,,,,,,
Created 500 tickets 400 times!,,,,,,63615,,,,,,,,,,,,,,,,,,,,
Command 'create-multiple' runtime:,,,,,,63640,,,,,,,,,,,,,,,,,,,,
Generation Time (ms): 261,,,,,,63921,,,,,,,,,,,,,,,,,,,,
Execution Time (ms): 62338,,,,62338,,67450,,,,,,,,,,,,,,,,,,,,
Will be using the following target: 127.0.0.1:8000,,,,,,68178,,,,,,,,,,,,,,,,,,,,
Generated 500 tickets 400 times!,,,,,,69400,,,,,,,,,,,,,,,,,,,,
Created 500 tickets 400 times!,,,,,,,,,,,,,,,,,,,,,,,,,,
Command 'create-multiple' runtime:,,,,,,,,,,,,,,,,,,,,,,,,,,
Generation Time (ms): 257,,,,,,,,,,,,,,,,,,,,,,,,,,
Execution Time (ms): 63538,,,,63538,,,,,,,,,,,,,,,,,,,,,,
Will be using the following target: 127.0.0.1:8000,,,,,,,,,,,,,,,,,,,,,,,,,,
Generated 500 tickets 400 times!,,,,,,,,,,,,,,,,,,,,,,,,,,
Created 500 tickets 400 times!,,,,,,,,,,,,,,,,,,,,,,,,,,
Command 'create-multiple' runtime:,,,,,,,,,,,,,,,,,,,,,,,,,,
Generation Time (ms): 261,,,,,,,,,,,,,,,,,,,,,,,,,,
Execution Time (ms): 63589,,,,63589,,,,,,,,,,,,,,,,,,,,,,
Will be using the following target: 127.0.0.1:8000,,,,,,,,,,,,,,,,,,,,,,,,,,
Generated 500 tickets 400 times!,,,,,,,,,,,,,,,,,,,,,,,,,,
Created 500 tickets 400 times!,,,,,,,,,,,,,,,,,,,,,,,,,,
Command 'create-multiple' runtime:,,,,,,,,,,,,,,,,,,,,,,,,,,
Generation Time (ms): 255,,,,,,,,,,,,,,,,,,,,,,,,,,
Execution Time (ms): 63299,,,,63299,,,,,,,,,,,,,,,,,,,,,,
Will be using the following target: 127.0.0.1:8000,,,,,,,,,,,,,,,,,,,,,,,,,,
Generated 500 tickets 400 times!,,,,,,,,,,,,,,,,,,,,,,,,,,
Created 500 tickets 400 times!,,,,,,,,,,,,,,,,,,,,,,,,,,
Command 'create-multiple' runtime:,,,,,,,,,,,,,,,,,,,,,,,,,,
Generation Time (ms): 247,,,,,,,,,,,,,,,,,,,,,,,,,,
Execution Time (ms): 63640,,,,63640,,,,,,,,,,,,,,,,,,,,,,
Will be using the following target: 127.0.0.1:8000,,,,,,,,,,,,,,,,,,,,,,,,,,
Generated 500 tickets 400 times!,,,,,,,,,,,,,,,,,,,,,,,,,,
Created 500 tickets 400 times!,,,,,,,,,,,,,,,,,,,,,,,,,,
Command 'create-multiple' runtime:,,,,,,,,,,,,,,,,,,,,,,,,,,
Generation Time (ms): 246,,,,,,,,,,,,,,,,,,,,,,,,,,
Execution Time (ms): 63921,,,,63921,,,,,,,,,,,,,,,,,,,,,,
Will be using the following target: 127.0.0.1:8000,,,,,,,,,,,,,,,,,,,,,,,,,,
Generated 500 tickets 400 times!,,,,,,,,,,,,,,,,,,,,,,,,,,
Created 500 tickets 400 times!,,,,,,,,,,,,,,,,,,,,,,,,,,
Command 'create-multiple' runtime:,,,,,,,,,,,,,,,,,,,,,,,,,,
Generation Time (ms): 278,,,,,,,,,,,,,,,,,,,,,,,,,,
Execution Time (ms): 63441,,,,63441,,,,,,,,,,,,,,,,,,,,,,
Will be using the following target: 127.0.0.1:8000,,,,,,,,,,,,,,,,,,,,,,,,,,
Generated 500 tickets 400 times!,,,,,,,,,,,,,,,,,,,,,,,,,,
Created 500 tickets 400 times!,,,,,,,,,,,,,,,,,,,,,,,,,,
Command 'create-multiple' runtime:,,,,,,,,,,,,,,,,,,,,,,,,,,
Generation Time (ms): 256,,,,,,,,,,,,,,,,,,,,,,,,,,
Execution Time (ms): 61601,,,,61601,,,,,,,,,,,,,,,,,,,,,,
Will be using the following target: 127.0.0.1:8000,,,,,,,,,,,,,,,,,,,,,,,,,,
Generated 500 tickets 400 times!,,,,,,,,,,,,,,,,,,,,,,,,,,
Created 500 tickets 400 times!,,,,,,,,,,,,,,,,,,,,,,,,,,
Command 'create-multiple' runtime:,,,,,,,,,,,,,,,,,,,,,,,,,,
Generation Time (ms): 253,,,,,,,,,,,,,,,,,,,,,,,,,,
Execution Time (ms): 63300,,,,63300,,,,,,,,,,,,,,,,,,,,,,
Will be using the following target: 127.0.0.1:8000,,,,,,,,,,,,,,,,,,,,,,,,,,
Generated 500 tickets 400 times!,,,,,,,,,,,,,,,,,,,,,,,,,,
Created 500 tickets 400 times!,,,,,,,,,,,,,,,,,,,,,,,,,,
Command 'create-multiple' runtime:,,,,,,,,,,,,,,,,,,,,,,,,,,
Generation Time (ms): 244,,,,,,,,,,,,,,,,,,,,,,,,,,
Execution Time (ms): 63615,,,,63615,,,,,,,,,,,,,,,,,,,,,,
Will be using the following target: 127.0.0.1:8000,,,,,,,,,,,,,,,,,,,,,,,,,,
Generated 500 tickets 400 times!,,,,,,,,,,,,,,,,,,,,,,,,,,
Created 500 tickets 400 times!,,,,,,,,,,,,,,,,,,,,,,,,,,
Command 'create-multiple' runtime:,,,,,,,,,,,,,,,,,,,,,,,,,,
Generation Time (ms): 254,,,,,,,,,,,,,,,,,,,,,,,,,,
Execution Time (ms): 68178,,,,68178,,,,,,,,,,,,,,,,,,,,,,
Will be using the following target: 127.0.0.1:8000,,,,,,,,,,,,,,,,,,,,,,,,,,
Generated 500 tickets 400 times!,,,,,,,,,,,,,,,,,,,,,,,,,,
Created 500 tickets 400 times!,,,,,,,,,,,,,,,,,,,,,,,,,,
Command 'create-multiple' runtime:,,,,,,,,,,,,,,,,,,,,,,,,,,
Generation Time (ms): 466,,,,,,,,,,,,,,,,,,,,,,,,,,
Execution Time (ms): 69400,,,,69400,,,,,,,,,,,,,,,,,,,,,,
Will be using the following target: 127.0.0.1:8000,,,,,,,,,,,,,,,,,,,,,,,,,,
Generated 500 tickets 400 times!,,,,,,,,,,,,,,,,,,,,,,,,,,
Created 500 tickets 400 times!,,,,,,,,,,,,,,,,,,,,,,,,,,
Command 'create-multiple' runtime:,,,,,,,,,,,,,,,,,,,,,,,,,,
Generation Time (ms): 406,,,,,,,,,,,,,,,,,,,,,,,,,,
Execution Time (ms): 67450,,,,67450,,,,,,,,,,,,,,,,,,,,,,
Will be using the following target: 127.0.0.1:8000,,,,,,,,,,,,,,,,,,,,,,,,,,
Generated 500 tickets 400 times!,,,,,,,,,,,,,,,,,,,,,,,,,,
Created 500 tickets 400 times!,,,,,,,,,,,,,,,,,,,,,,,,,,
Command 'create-multiple' runtime:,,,,,,,,,,,,,,,,,,,,,,,,,,
Generation Time (ms): 251,,,,,,,,,,,,,,,,,,,,,,,,,,
Execution Time (ms): 63324,,,,63324,,,,,,,,,,,,,,,,,,,,,,
Will be using the following target: 127.0.0.1:8000,,,,,,,,,,,,,,,,,,,,,,,,,,
Generated 500 tickets 400 times!,,,,,,,,,,,,,,,,,,,,,,,,,,
Created 500 tickets 400 times!,,,,,,,,,,,,,,,,,,,,,,,,,,
Command 'create-multiple' runtime:,,,,,,,,,,,,,,,,,,,,,,,,,,
Generation Time (ms): 255,,,,,,,,,,,,,,,,,,,,,,,,,,
Execution Time (ms): 63419,,,,63419,,,,,,,,,,,,,,,,,,,,,,
Will be using the following target: 127.0.0.1:8000,,,,,,,,,,,,,,,,,,,,,,,,,,
Generated 500 tickets 400 times!,,,,,,,,,,,,,,,,,,,,,,,,,,
Created 500 tickets 400 times!,,,,,,,,,,,,,,,,,,,,,,,,,,
Command 'create-multiple' runtime:,,,,,,,,,,,,,,,,,,,,,,,,,,
Generation Time (ms): 258,,,,,,,,,,,,,,,,,,,,,,,,,,
Execution Time (ms): 62436,,,,62436,,,,,,,,,,,,,,,,,,,,,,
Will be using the following target: 127.0.0.1:8000,,,,,,,,,,,,,,,,,,,,,,,,,,
Generated 500 tickets 400 times!,,,,,,,,,,,,,,,,,,,,,,,,,,
Created 500 tickets 400 times!,,,,,,,,,,,,,,,,,,,,,,,,,,
Command 'create-multiple' runtime:,,,,,,,,,,,,,,,,,,,,,,,,,,
Generation Time (ms): 252,,,,,,,,,,,,,,,,,,,,,,,,,,
Execution Time (ms): 61908,,,,61908,,,,,,,,,,,,,,,,,,,,,,
Will be using the following target: 127.0.0.1:8000,,,,,,,,,,,,,,,,,,,,,,,,,,
Generated 500 tickets 400 times!,,,,,,,,,,,,,,,,,,,,,,,,,,
Created 500 tickets 400 times!,,,,,,,,,,,,,,,,,,,,,,,,,,
Command 'create-multiple' runtime:,,,,,,,,,,,,,,,,,,,,,,,,,,
Generation Time (ms): 254,,,,,,,,,,,,,,,,,,,,,,,,,,
Execution Time (ms): 62871,,,,62871,,,,,,,,,,,,,,,,,,,,,,